country,iso_code,year,ncd_mortality
Afghanistan,AFG,2000,43.2
Afghanistan,AFG,2001,43.5
Afghanistan,AFG,2002,43.1
Afghanistan,AFG,2003,42.5
Afghanistan,AFG,2004,42.3
Afghanistan,AFG,2005,41.9
Afghanistan,AFG,2006,41.1
Afghanistan,AFG,2007,40.5
Afghanistan,AFG,2008,39.6
Afghanistan,AFG,2009,38.3
Afghanistan,AFG,2010,37.6
Afghanistan,AFG,2011,37.2
Afghanistan,AFG,2012,36.5
Afghanistan,AFG,2013,36.0
Afghanistan,AFG,2014,35.4
Afghanistan,AFG,2015,35.0
Afghanistan,AFG,2016,34.9
Afghanistan,AFG,2017,35.0
Afghanistan,AFG,2018,34.6
Afghanistan,AFG,2019,34.4
Afghanistan,AFG,2020,34.8
Afghanistan,AFG,2021,32.7
Angola,AGO,2000,30.5
Angola,AGO,2001,29.7
Angola,AGO,2002,29.4
Angola,AGO,2003,29.3
Angola,AGO,2004,29.0
Angola,AGO,2005,27.8
Angola,AGO,2006,27.9
Angola,AGO,2007,26.6
Angola,AGO,2008,26.0
Angola,AGO,2009,25.6
Angola,AGO,2010,24.8
Angola,AGO,2011,24.7
Angola,AGO,2012,24.3
Angola,AGO,2013,24.2
Angola,AGO,2014,23.1
Angola,AGO,2015,23.2
Angola,AGO,2016,23.0
Angola,AGO,2017,22.9
Angola,AGO,2018,24.0
Angola,AGO,2019,24.6
Angola,AGO,2020,25.3
Angola,AGO,2021,24.7
Albania,ALB,2000,18.0
Albania,ALB,2001,15.0
Albania,ALB,2002,15.8
Albania,ALB,2003,16.6
Albania,ALB,2004,16.1
Albania,ALB,2005,19.4
Albania,ALB,2006,20.5
Albania,ALB,2007,20.4
Albania,ALB,2008,20.0
Albania,ALB,2009,19.5
Albania,ALB,2010,18.9
Albania,ALB,2011,18.7
Albania,ALB,2012,14.0
Albania,ALB,2013,13.5
Albania,ALB,2014,13.2
Albania,ALB,2015,13.3
Albania,ALB,2016,12.5
Albania,ALB,2017,12.0
Albania,ALB,2018,11.6
Albania,ALB,2019,11.3
Albania,ALB,2020,10.4
Albania,ALB,2021,10.0
United Arab Emirates,ARE,2000,11.6
United Arab Emirates,ARE,2001,11.2
United Arab Emirates,ARE,2002,11.5
United Arab Emirates,ARE,2003,10.7
United Arab Emirates,ARE,2004,10.4
United Arab Emirates,ARE,2005,9.8
United Arab Emirates,ARE,2006,9.3
United Arab Emirates,ARE,2007,8.5
United Arab Emirates,ARE,2008,7.7
United Arab Emirates,ARE,2009,7.6
United Arab Emirates,ARE,2010,8.0
United Arab Emirates,ARE,2011,8.3
United Arab Emirates,ARE,2012,8.3
United Arab Emirates,ARE,2013,8.3
United Arab Emirates,ARE,2014,8.4
United Arab Emirates,ARE,2015,8.4
United Arab Emirates,ARE,2016,8.4
United Arab Emirates,ARE,2017,8.6
United Arab Emirates,ARE,2018,8.7
United Arab Emirates,ARE,2019,8.7
United Arab Emirates,ARE,2020,9.6
United Arab Emirates,ARE,2021,11.6
Argentina,ARG,2000,20.0
Argentina,ARG,2001,19.7
Argentina,ARG,2002,19.8
Argentina,ARG,2003,19.5
Argentina,ARG,2004,18.8
Argentina,ARG,2005,18.3
Argentina,ARG,2006,17.8
Argentina,ARG,2007,18.2
Argentina,ARG,2008,17.4
Argentina,ARG,2009,17.3
Argentina,ARG,2010,17.3
Argentina,ARG,2011,17.1
Argentina,ARG,2012,16.9
Argentina,ARG,2013,16.6
Argentina,ARG,2014,16.0
Argentina,ARG,2015,16.2
Argentina,ARG,2016,16.5
Argentina,ARG,2017,15.9
Argentina,ARG,2018,15.7
Argentina,ARG,2019,15.6
Argentina,ARG,2020,14.7
Argentina,ARG,2021,13.4
Armenia,ARM,2000,27.5
Armenia,ARM,2001,27.3
Armenia,ARM,2002,27.3
Armenia,ARM,2003,27.1
Armenia,ARM,2004,26.8
Armenia,ARM,2005,26.5
Armenia,ARM,2006,26.5
Armenia,ARM,2007,25.6
Armenia,ARM,2008,26.2
Armenia,ARM,2009,25.7
Armenia,ARM,2010,24.8
Armenia,ARM,2011,23.7
Armenia,ARM,2012,23.7
Armenia,ARM,2013,22.7
Armenia,ARM,2014,22.3
Armenia,ARM,2015,22.2
Armenia,ARM,2016,21.6
Armenia,ARM,2017,21.3
Armenia,ARM,2018,20.1
Armenia,ARM,2019,20.2
Armenia,ARM,2020,21.3
Armenia,ARM,2021,20.6
Antigua and Barbuda,ATG,2000,19.0
Antigua and Barbuda,ATG,2001,18.2
Antigua and Barbuda,ATG,2002,19.0
Antigua and Barbuda,ATG,2003,18.5
Antigua and Barbuda,ATG,2004,18.2
Antigua and Barbuda,ATG,2005,17.3
Antigua and Barbuda,ATG,2006,17.4
Antigua and Barbuda,ATG,2007,19.8
Antigua and Barbuda,ATG,2008,19.3
Antigua and Barbuda,ATG,2009,17.8
Antigua and Barbuda,ATG,2010,17.0
Antigua and Barbuda,ATG,2011,16.3
Antigua and Barbuda,ATG,2012,16.6
Antigua and Barbuda,ATG,2013,17.1
Antigua and Barbuda,ATG,2014,17.9
Antigua and Barbuda,ATG,2015,18.2
Antigua and Barbuda,ATG,2016,18.1
Antigua and Barbuda,ATG,2017,17.7
Antigua and Barbuda,ATG,2018,17.9
Antigua and Barbuda,ATG,2019,18.5
Antigua and Barbuda,ATG,2020,15.0
Antigua and Barbuda,ATG,2021,12.1
Australia,AUS,2000,13.0
Australia,AUS,2001,12.6
Australia,AUS,2002,12.3
Australia,AUS,2003,11.8
Australia,AUS,2004,11.5
Australia,AUS,2005,11.4
Australia,AUS,2006,10.9
Australia,AUS,2007,10.7
Australia,AUS,2008,10.5
Australia,AUS,2009,10.1
Australia,AUS,2010,9.9
Australia,AUS,2011,9.8
Australia,AUS,2012,9.4
Australia,AUS,2013,9.4
Australia,AUS,2014,9.3
Australia,AUS,2015,9.3
Australia,AUS,2016,9.0
Australia,AUS,2017,8.7
Australia,AUS,2018,8.7
Australia,AUS,2019,9.0
Australia,AUS,2020,8.3
Australia,AUS,2021,8.3
Austria,AUT,2000,15.3
Austria,AUT,2001,14.7
Austria,AUT,2002,13.9
Austria,AUT,2003,13.7
Austria,AUT,2004,13.2
Austria,AUT,2005,12.8
Austria,AUT,2006,12.5
Austria,AUT,2007,12.3
Austria,AUT,2008,12.1
Austria,AUT,2009,12.4
Austria,AUT,2010,12.4
Austria,AUT,2011,12.2
Austria,AUT,2012,12.0
Austria,AUT,2013,11.8
Austria,AUT,2014,11.7
Austria,AUT,2015,11.6
Austria,AUT,2016,11.2
Austria,AUT,2017,10.8
Austria,AUT,2018,10.9
Austria,AUT,2019,10.3
Austria,AUT,2020,10.1
Austria,AUT,2021,9.9
Azerbaijan,AZE,2000,34.5
Azerbaijan,AZE,2001,32.7
Azerbaijan,AZE,2002,32.2
Azerbaijan,AZE,2003,32.9
Azerbaijan,AZE,2004,31.9
Azerbaijan,AZE,2005,32.7
Azerbaijan,AZE,2006,32.6
Azerbaijan,AZE,2007,29.0
Azerbaijan,AZE,2008,30.4
Azerbaijan,AZE,2009,28.7
Azerbaijan,AZE,2010,27.5
Azerbaijan,AZE,2011,26.2
Azerbaijan,AZE,2012,25.2
Azerbaijan,AZE,2013,23.6
Azerbaijan,AZE,2014,22.7
Azerbaijan,AZE,2015,21.3
Azerbaijan,AZE,2016,21.1
Azerbaijan,AZE,2017,20.9
Azerbaijan,AZE,2018,19.9
Azerbaijan,AZE,2019,19.3
Azerbaijan,AZE,2020,21.6
Azerbaijan,AZE,2021,17.4
Burundi,BDI,2000,34.1
Burundi,BDI,2001,32.7
Burundi,BDI,2002,31.4
Burundi,BDI,2003,30.4
Burundi,BDI,2004,29.7
Burundi,BDI,2005,28.4
Burundi,BDI,2006,27.3
Burundi,BDI,2007,26.1
Burundi,BDI,2008,25.3
Burundi,BDI,2009,25.1
Burundi,BDI,2010,25.0
Burundi,BDI,2011,24.7
Burundi,BDI,2012,24.6
Burundi,BDI,2013,24.5
Burundi,BDI,2014,24.5
Burundi,BDI,2015,24.1
Burundi,BDI,2016,24.1
Burundi,BDI,2017,24.1
Burundi,BDI,2018,23.9
Burundi,BDI,2019,23.9
Burundi,BDI,2020,24.1
Burundi,BDI,2021,24.8
Belgium,BEL,2000,15.4
Belgium,BEL,2001,15.1
Belgium,BEL,2002,15.0
Belgium,BEL,2003,14.5
Belgium,BEL,2004,13.7
Belgium,BEL,2005,13.7
Belgium,BEL,2006,13.4
Belgium,BEL,2007,13.1
Belgium,BEL,2008,13.2
Belgium,BEL,2009,12.9
Belgium,BEL,2010,13.0
Belgium,BEL,2011,12.6
Belgium,BEL,2012,12.2
Belgium,BEL,2013,11.9
Belgium,BEL,2014,11.5
Belgium,BEL,2015,11.5
Belgium,BEL,2016,11.1
Belgium,BEL,2017,10.6
Belgium,BEL,2018,10.4
Belgium,BEL,2019,10.0
Belgium,BEL,2020,9.1
Belgium,BEL,2021,9.2
Benin,BEN,2000,23.2
Benin,BEN,2001,23.0
Benin,BEN,2002,22.8
Benin,BEN,2003,22.4
Benin,BEN,2004,22.2
Benin,BEN,2005,22.1
Benin,BEN,2006,22.0
Benin,BEN,2007,22.1
Benin,BEN,2008,22.1
Benin,BEN,2009,22.2
Benin,BEN,2010,22.4
Benin,BEN,2011,22.5
Benin,BEN,2012,22.7
Benin,BEN,2013,22.4
Benin,BEN,2014,22.3
Benin,BEN,2015,22.5
Benin,BEN,2016,22.2
Benin,BEN,2017,21.9
Benin,BEN,2018,21.6
Benin,BEN,2019,21.3
Benin,BEN,2020,21.8
Benin,BEN,2021,20.8
Burkina Faso,BFA,2000,26.0
Burkina Faso,BFA,2001,26.0
Burkina Faso,BFA,2002,25.9
Burkina Faso,BFA,2003,25.6
Burkina Faso,BFA,2004,25.4
Burkina Faso,BFA,2005,25.2
Burkina Faso,BFA,2006,25.3
Burkina Faso,BFA,2007,25.2
Burkina Faso,BFA,2008,25.2
Burkina Faso,BFA,2009,25.3
Burkina Faso,BFA,2010,25.3
Burkina Faso,BFA,2011,25.4
Burkina Faso,BFA,2012,25.5
Burkina Faso,BFA,2013,25.4
Burkina Faso,BFA,2014,25.3
Burkina Faso,BFA,2015,25.3
Burkina Faso,BFA,2016,25.2
Burkina Faso,BFA,2017,24.9
Burkina Faso,BFA,2018,24.5
Burkina Faso,BFA,2019,24.1
Burkina Faso,BFA,2020,24.2
Burkina Faso,BFA,2021,23.4
Bangladesh,BGD,2000,24.7
Bangladesh,BGD,2001,24.1
Bangladesh,BGD,2002,24.0
Bangladesh,BGD,2003,23.7
Bangladesh,BGD,2004,23.2
Bangladesh,BGD,2005,23.4
Bangladesh,BGD,2006,23.9
Bangladesh,BGD,2007,23.8
Bangladesh,BGD,2008,23.2
Bangladesh,BGD,2009,22.6
Bangladesh,BGD,2010,22.0
Bangladesh,BGD,2011,20.8
Bangladesh,BGD,2012,20.1
Bangladesh,BGD,2013,19.7
Bangladesh,BGD,2014,19.3
Bangladesh,BGD,2015,19.1
Bangladesh,BGD,2016,19.1
Bangladesh,BGD,2017,19.3
Bangladesh,BGD,2018,19.3
Bangladesh,BGD,2019,19.2
Bangladesh,BGD,2020,18.9
Bangladesh,BGD,2021,18.1
Bulgaria,BGR,2000,28.5
Bulgaria,BGR,2001,28.1
Bulgaria,BGR,2002,27.9
Bulgaria,BGR,2003,27.9
Bulgaria,BGR,2004,27.6
Bulgaria,BGR,2005,27.6
Bulgaria,BGR,2006,27.5
Bulgaria,BGR,2007,26.6
Bulgaria,BGR,2008,25.7
Bulgaria,BGR,2009,25.8
Bulgaria,BGR,2010,25.6
Bulgaria,BGR,2011,25.1
Bulgaria,BGR,2012,24.3
Bulgaria,BGR,2013,23.9
Bulgaria,BGR,2014,24.7
Bulgaria,BGR,2015,24.3
Bulgaria,BGR,2016,24.4
Bulgaria,BGR,2017,24.4
Bulgaria,BGR,2018,24.3
Bulgaria,BGR,2019,24.0
Bulgaria,BGR,2020,25.1
Bulgaria,BGR,2021,25.6
Bahrain,BHR,2000,29.8
Bahrain,BHR,2001,28.9
Bahrain,BHR,2002,27.8
Bahrain,BHR,2003,27.5
Bahrain,BHR,2004,26.3
Bahrain,BHR,2005,24.8
Bahrain,BHR,2006,23.2
Bahrain,BHR,2007,22.0
Bahrain,BHR,2008,20.9
Bahrain,BHR,2009,19.9
Bahrain,BHR,2010,19.5
Bahrain,BHR,2011,18.9
Bahrain,BHR,2012,18.0
Bahrain,BHR,2013,16.6
Bahrain,BHR,2014,14.9
Bahrain,BHR,2015,14.3
Bahrain,BHR,2016,14.5
Bahrain,BHR,2017,14.5
Bahrain,BHR,2018,14.4
Bahrain,BHR,2019,14.5
Bahrain,BHR,2020,15.1
Bahrain,BHR,2021,14.8
Bahamas,BHS,2000,22.8
Bahamas,BHS,2001,22.8
Bahamas,BHS,2002,22.1
Bahamas,BHS,2003,22.2
Bahamas,BHS,2004,22.5
Bahamas,BHS,2005,21.3
Bahamas,BHS,2006,21.6
Bahamas,BHS,2007,21.2
Bahamas,BHS,2008,21.4
Bahamas,BHS,2009,21.6
Bahamas,BHS,2010,21.9
Bahamas,BHS,2011,21.3
Bahamas,BHS,2012,20.8
Bahamas,BHS,2013,20.3
Bahamas,BHS,2014,21.0
Bahamas,BHS,2015,20.2
Bahamas,BHS,2016,20.5
Bahamas,BHS,2017,20.4
Bahamas,BHS,2018,20.3
Bahamas,BHS,2019,20.3
Bahamas,BHS,2020,20.0
Bahamas,BHS,2021,20.4
Bosnia and Herzegovina,BIH,2000,21.7
Bosnia and Herzegovina,BIH,2001,21.4
Bosnia and Herzegovina,BIH,2002,21.2
Bosnia and Herzegovina,BIH,2003,20.9
Bosnia and Herzegovina,BIH,2004,20.7
Bosnia and Herzegovina,BIH,2005,21.2
Bosnia and Herzegovina,BIH,2006,20.8
Bosnia and Herzegovina,BIH,2007,21.8
Bosnia and Herzegovina,BIH,2008,20.6
Bosnia and Herzegovina,BIH,2009,20.4
Bosnia and Herzegovina,BIH,2010,19.8
Bosnia and Herzegovina,BIH,2011,19.6
Bosnia and Herzegovina,BIH,2012,18.9
Bosnia and Herzegovina,BIH,2013,18.9
Bosnia and Herzegovina,BIH,2014,18.7
Bosnia and Herzegovina,BIH,2015,19.0
Bosnia and Herzegovina,BIH,2016,18.9
Bosnia and Herzegovina,BIH,2017,18.8
Bosnia and Herzegovina,BIH,2018,18.7
Bosnia and Herzegovina,BIH,2019,19.2
Bosnia and Herzegovina,BIH,2020,17.9
Bosnia and Herzegovina,BIH,2021,17.2
Belarus,BLR,2000,33.7
Belarus,BLR,2001,35.1
Belarus,BLR,2002,36.1
Belarus,BLR,2003,35.1
Belarus,BLR,2004,34.2
Belarus,BLR,2005,34.6
Belarus,BLR,2006,33.2
Belarus,BLR,2007,31.4
Belarus,BLR,2008,31.5
Belarus,BLR,2009,31.2
Belarus,BLR,2010,31.2
Belarus,BLR,2011,31.0
Belarus,BLR,2012,27.9
Belarus,BLR,2013,27.1
Belarus,BLR,2014,26.4
Belarus,BLR,2015,25.3
Belarus,BLR,2016,25.3
Belarus,BLR,2017,24.9
Belarus,BLR,2018,25.1
Belarus,BLR,2019,24.4
Belarus,BLR,2020,24.6
Belarus,BLR,2021,23.8
Belize,BLZ,2000,24.2
Belize,BLZ,2001,21.2
Belize,BLZ,2002,20.1
Belize,BLZ,2003,19.6
Belize,BLZ,2004,19.7
Belize,BLZ,2005,18.9
Belize,BLZ,2006,18.9
Belize,BLZ,2007,18.1
Belize,BLZ,2008,16.8
Belize,BLZ,2009,17.8
Belize,BLZ,2010,17.6
Belize,BLZ,2011,17.2
Belize,BLZ,2012,16.9
Belize,BLZ,2013,16.9
Belize,BLZ,2014,16.9
Belize,BLZ,2015,16.9
Belize,BLZ,2016,16.6
Belize,BLZ,2017,16.7
Belize,BLZ,2018,16.6
Belize,BLZ,2019,16.1
Belize,BLZ,2020,16.4
Belize,BLZ,2021,15.4
Bolivia,BOL,2000,20.6
Bolivia,BOL,2001,20.0
Bolivia,BOL,2002,19.7
Bolivia,BOL,2003,19.3
Bolivia,BOL,2004,18.8
Bolivia,BOL,2005,18.6
Bolivia,BOL,2006,18.2
Bolivia,BOL,2007,18.2
Bolivia,BOL,2008,18.1
Bolivia,BOL,2009,18.0
Bolivia,BOL,2010,17.8
Bolivia,BOL,2011,17.7
Bolivia,BOL,2012,17.5
Bolivia,BOL,2013,17.3
Bolivia,BOL,2014,17.2
Bolivia,BOL,2015,17.1
Bolivia,BOL,2016,17.0
Bolivia,BOL,2017,16.9
Bolivia,BOL,2018,16.7
Bolivia,BOL,2019,16.6
Bolivia,BOL,2020,19.8
Bolivia,BOL,2021,19.9
Brazil,BRA,2000,20.8
Brazil,BRA,2001,20.4
Brazil,BRA,2002,19.9
Brazil,BRA,2003,19.7
Brazil,BRA,2004,19.6
Brazil,BRA,2005,18.7
Brazil,BRA,2006,18.4
Brazil,BRA,2007,18.1
Brazil,BRA,2008,18.0
Brazil,BRA,2009,17.6
Brazil,BRA,2010,17.4
Brazil,BRA,2011,17.3
Brazil,BRA,2012,16.8
Brazil,BRA,2013,16.6
Brazil,BRA,2014,16.1
Brazil,BRA,2015,16.1
Brazil,BRA,2016,16.2
Brazil,BRA,2017,15.7
Brazil,BRA,2018,15.4
Brazil,BRA,2019,15.1
Brazil,BRA,2020,14.7
Brazil,BRA,2021,14.5
Barbados,BRB,2000,19.3
Barbados,BRB,2001,18.5
Barbados,BRB,2002,18.8
Barbados,BRB,2003,19.4
Barbados,BRB,2004,19.3
Barbados,BRB,2005,19.0
Barbados,BRB,2006,18.8
Barbados,BRB,2007,18.5
Barbados,BRB,2008,18.3
Barbados,BRB,2009,17.9
Barbados,BRB,2010,17.8
Barbados,BRB,2011,17.7
Barbados,BRB,2012,17.3
Barbados,BRB,2013,17.4
Barbados,BRB,2014,17.5
Barbados,BRB,2015,17.3
Barbados,BRB,2016,17.5
Barbados,BRB,2017,17.2
Barbados,BRB,2018,17.4
Barbados,BRB,2019,17.8
Barbados,BRB,2020,16.7
Barbados,BRB,2021,14.0
Brunei,BRN,2000,18.9
Brunei,BRN,2001,18.7
Brunei,BRN,2002,18.5
Brunei,BRN,2003,18.5
Brunei,BRN,2004,17.8
Brunei,BRN,2005,17.9
Brunei,BRN,2006,17.9
Brunei,BRN,2007,17.6
Brunei,BRN,2008,17.4
Brunei,BRN,2009,16.4
Brunei,BRN,2010,16.1
Brunei,BRN,2011,15.4
Brunei,BRN,2012,15.2
Brunei,BRN,2013,15.1
Brunei,BRN,2014,15.1
Brunei,BRN,2015,15.1
Brunei,BRN,2016,15.1
Brunei,BRN,2017,15.3
Brunei,BRN,2018,15.4
Brunei,BRN,2019,15.2
Brunei,BRN,2020,15.2
Brunei,BRN,2021,14.9
Bhutan,BTN,2000,22.1
Bhutan,BTN,2001,21.7
Bhutan,BTN,2002,21.0
Bhutan,BTN,2003,20.8
Bhutan,BTN,2004,20.4
Bhutan,BTN,2005,20.0
Bhutan,BTN,2006,19.6
Bhutan,BTN,2007,19.2
Bhutan,BTN,2008,18.8
Bhutan,BTN,2009,18.4
Bhutan,BTN,2010,18.0
Bhutan,BTN,2011,17.8
Bhutan,BTN,2012,17.8
Bhutan,BTN,2013,17.7
Bhutan,BTN,2014,17.8
Bhutan,BTN,2015,17.7
Bhutan,BTN,2016,17.4
Bhutan,BTN,2017,17.5
Bhutan,BTN,2018,17.2
Bhutan,BTN,2019,16.7
Bhutan,BTN,2020,16.5
Bhutan,BTN,2021,15.9
Botswana,BWA,2000,22.8
Botswana,BWA,2001,23.1
Botswana,BWA,2002,22.6
Botswana,BWA,2003,21.5
Botswana,BWA,2004,19.6
Botswana,BWA,2005,20.3
Botswana,BWA,2006,18.8
Botswana,BWA,2007,20.4
Botswana,BWA,2008,23.9
Botswana,BWA,2009,25.5
Botswana,BWA,2010,25.2
Botswana,BWA,2011,25.3
Botswana,BWA,2012,25.6
Botswana,BWA,2013,25.7
Botswana,BWA,2014,24.6
Botswana,BWA,2015,23.1
Botswana,BWA,2016,22.8
Botswana,BWA,2017,22.1
Botswana,BWA,2018,20.9
Botswana,BWA,2019,19.5
Botswana,BWA,2020,21.2
Botswana,BWA,2021,19.0
Central African Republic,CAF,2000,36.2
Central African Republic,CAF,2001,35.3
Central African Republic,CAF,2002,36.1
Central African Republic,CAF,2003,34.4
Central African Republic,CAF,2004,34.0
Central African Republic,CAF,2005,32.5
Central African Republic,CAF,2006,33.8
Central African Republic,CAF,2007,32.8
Central African Republic,CAF,2008,32.5
Central African Republic,CAF,2009,33.3
Central African Republic,CAF,2010,32.1
Central African Republic,CAF,2011,34.9
Central African Republic,CAF,2012,32.0
Central African Republic,CAF,2013,32.4
Central African Republic,CAF,2014,33.1
Central African Republic,CAF,2015,33.0
Central African Republic,CAF,2016,33.2
Central African Republic,CAF,2017,32.7
Central African Republic,CAF,2018,32.8
Central African Republic,CAF,2019,32.5
Central African Republic,CAF,2020,32.7
Central African Republic,CAF,2021,30.8
Canada,CAN,2000,14.4
Canada,CAN,2001,14.0
Canada,CAN,2002,13.8
Canada,CAN,2003,13.5
Canada,CAN,2004,13.1
Canada,CAN,2005,12.7
Canada,CAN,2006,12.3
Canada,CAN,2007,12.2
Canada,CAN,2008,11.9
Canada,CAN,2009,11.5
Canada,CAN,2010,11.1
Canada,CAN,2011,10.9
Canada,CAN,2012,10.8
Canada,CAN,2013,10.6
Canada,CAN,2014,10.5
Canada,CAN,2015,10.4
Canada,CAN,2016,10.4
Canada,CAN,2017,10.0
Canada,CAN,2018,9.8
Canada,CAN,2019,9.6
Canada,CAN,2020,10.0
Canada,CAN,2021,9.7
Switzerland,CHE,2000,12.6
Switzerland,CHE,2001,12.0
Switzerland,CHE,2002,11.4
Switzerland,CHE,2003,11.5
Switzerland,CHE,2004,11.0
Switzerland,CHE,2005,10.8
Switzerland,CHE,2006,10.4
Switzerland,CHE,2007,10.4
Switzerland,CHE,2008,10.1
Switzerland,CHE,2009,9.8
Switzerland,CHE,2010,9.7
Switzerland,CHE,2011,9.4
Switzerland,CHE,2012,9.4
Switzerland,CHE,2013,9.1
Switzerland,CHE,2014,8.9
Switzerland,CHE,2015,8.8
Switzerland,CHE,2016,8.5
Switzerland,CHE,2017,8.2
Switzerland,CHE,2018,8.2
Switzerland,CHE,2019,7.9
Switzerland,CHE,2020,7.6
Switzerland,CHE,2021,7.5
Chile,CHL,2000,14.0
Chile,CHL,2001,14.4
Chile,CHL,2002,13.9
Chile,CHL,2003,14.1
Chile,CHL,2004,13.7
Chile,CHL,2005,13.5
Chile,CHL,2006,13.2
Chile,CHL,2007,13.3
Chile,CHL,2008,12.8
Chile,CHL,2009,13.0
Chile,CHL,2010,12.9
Chile,CHL,2011,12.6
Chile,CHL,2012,12.4
Chile,CHL,2013,12.1
Chile,CHL,2014,11.8
Chile,CHL,2015,11.5
Chile,CHL,2016,11.0
Chile,CHL,2017,10.6
Chile,CHL,2018,10.4
Chile,CHL,2019,10.2
Chile,CHL,2020,9.9
Chile,CHL,2021,9.4
China,CHN,2000,24.1
China,CHN,2001,23.8
China,CHN,2002,23.6
China,CHN,2003,23.5
China,CHN,2004,23.3
China,CHN,2005,22.5
China,CHN,2006,21.2
China,CHN,2007,20.3
China,CHN,2008,20.0
China,CHN,2009,19.7
China,CHN,2010,19.4
China,CHN,2011,19.0
China,CHN,2012,18.7
China,CHN,2013,18.1
China,CHN,2014,17.5
China,CHN,2015,17.1
China,CHN,2016,16.8
China,CHN,2017,16.5
China,CHN,2018,16.2
China,CHN,2019,16.0
China,CHN,2020,15.8
China,CHN,2021,15.9
Cote d'Ivoire,CIV,2000,21.8
Cote d'Ivoire,CIV,2001,22.1
Cote d'Ivoire,CIV,2002,21.8
Cote d'Ivoire,CIV,2003,22.1
Cote d'Ivoire,CIV,2004,21.2
Cote d'Ivoire,CIV,2005,21.2
Cote d'Ivoire,CIV,2006,21.0
Cote d'Ivoire,CIV,2007,21.5
Cote d'Ivoire,CIV,2008,22.3
Cote d'Ivoire,CIV,2009,23.4
Cote d'Ivoire,CIV,2010,24.6
Cote d'Ivoire,CIV,2011,25.1
Cote d'Ivoire,CIV,2012,25.3
Cote d'Ivoire,CIV,2013,25.1
Cote d'Ivoire,CIV,2014,24.5
Cote d'Ivoire,CIV,2015,24.1
Cote d'Ivoire,CIV,2016,23.8
Cote d'Ivoire,CIV,2017,23.6
Cote d'Ivoire,CIV,2018,23.5
Cote d'Ivoire,CIV,2019,23.3
Cote d'Ivoire,CIV,2020,23.8
Cote d'Ivoire,CIV,2021,22.7
Cameroon,CMR,2000,26.2
Cameroon,CMR,2001,27.1
Cameroon,CMR,2002,27.2
Cameroon,CMR,2003,27.7
Cameroon,CMR,2004,27.4
Cameroon,CMR,2005,27.5
Cameroon,CMR,2006,27.3
Cameroon,CMR,2007,27.3
Cameroon,CMR,2008,27.3
Cameroon,CMR,2009,27.1
Cameroon,CMR,2010,27.0
Cameroon,CMR,2011,26.8
Cameroon,CMR,2012,27.0
Cameroon,CMR,2013,27.0
Cameroon,CMR,2014,27.2
Cameroon,CMR,2015,26.8
Cameroon,CMR,2016,26.3
Cameroon,CMR,2017,25.7
Cameroon,CMR,2018,25.2
Cameroon,CMR,2019,24.9
Cameroon,CMR,2020,25.3
Cameroon,CMR,2021,24.3
Democratic Republic of Congo,COD,2000,26.8
Democratic Republic of Congo,COD,2001,26.9
Democratic Republic of Congo,COD,2002,26.6
Democratic Republic of Congo,COD,2003,27.0
Democratic Republic of Congo,COD,2004,26.9
Democratic Republic of Congo,COD,2005,26.5
Democratic Republic of Congo,COD,2006,26.2
Democratic Republic of Congo,COD,2007,26.4
Democratic Republic of Congo,COD,2008,26.5
Democratic Republic of Congo,COD,2009,26.1
Democratic Republic of Congo,COD,2010,26.0
Democratic Republic of Congo,COD,2011,25.7
Democratic Republic of Congo,COD,2012,25.5
Democratic Republic of Congo,COD,2013,25.3
Democratic Republic of Congo,COD,2014,25.2
Democratic Republic of Congo,COD,2015,25.2
Democratic Republic of Congo,COD,2016,25.1
Democratic Republic of Congo,COD,2017,25.2
Democratic Republic of Congo,COD,2018,25.1
Democratic Republic of Congo,COD,2019,24.7
Democratic Republic of Congo,COD,2020,25.5
Democratic Republic of Congo,COD,2021,25.1
Congo,COG,2000,36.5
Congo,COG,2001,34.1
Congo,COG,2002,32.1
Congo,COG,2003,30.1
Congo,COG,2004,30.3
Congo,COG,2005,29.4
Congo,COG,2006,27.5
Congo,COG,2007,27.2
Congo,COG,2008,26.7
Congo,COG,2009,26.7
Congo,COG,2010,26.2
Congo,COG,2011,25.9
Congo,COG,2012,25.8
Congo,COG,2013,25.2
Congo,COG,2014,24.4
Congo,COG,2015,23.4
Congo,COG,2016,22.4
Congo,COG,2017,21.9
Congo,COG,2018,22.4
Congo,COG,2019,23.0
Congo,COG,2020,21.9
Congo,COG,2021,21.2
Colombia,COL,2000,16.6
Colombia,COL,2001,15.9
Colombia,COL,2002,15.3
Colombia,COL,2003,15.3
Colombia,COL,2004,14.9
Colombia,COL,2005,14.4
Colombia,COL,2006,14.1
Colombia,COL,2007,13.3
Colombia,COL,2008,12.7
Colombia,COL,2009,11.8
Colombia,COL,2010,11.5
Colombia,COL,2011,10.9
Colombia,COL,2012,10.6
Colombia,COL,2013,10.5
Colombia,COL,2014,10.4
Colombia,COL,2015,10.5
Colombia,COL,2016,10.5
Colombia,COL,2017,10.3
Colombia,COL,2018,10.5
Colombia,COL,2019,10.3
Colombia,COL,2020,10.4
Colombia,COL,2021,10.3
Comoros,COM,2000,26.3
Comoros,COM,2001,25.5
Comoros,COM,2002,24.7
Comoros,COM,2003,23.8
Comoros,COM,2004,23.0
Comoros,COM,2005,22.7
Comoros,COM,2006,22.2
Comoros,COM,2007,22.1
Comoros,COM,2008,22.1
Comoros,COM,2009,21.4
Comoros,COM,2010,21.3
Comoros,COM,2011,21.3
Comoros,COM,2012,21.1
Comoros,COM,2013,20.9
Comoros,COM,2014,21.3
Comoros,COM,2015,21.2
Comoros,COM,2016,21.1
Comoros,COM,2017,20.8
Comoros,COM,2018,20.5
Comoros,COM,2019,20.3
Comoros,COM,2020,21.0
Comoros,COM,2021,20.2
Cape Verde,CPV,2000,16.6
Cape Verde,CPV,2001,16.4
Cape Verde,CPV,2002,16.3
Cape Verde,CPV,2003,16.2
Cape Verde,CPV,2004,16.1
Cape Verde,CPV,2005,16.2
Cape Verde,CPV,2006,15.1
Cape Verde,CPV,2007,14.7
Cape Verde,CPV,2008,14.7
Cape Verde,CPV,2009,14.6
Cape Verde,CPV,2010,14.3
Cape Verde,CPV,2011,14.4
Cape Verde,CPV,2012,14.7
Cape Verde,CPV,2013,14.7
Cape Verde,CPV,2014,14.5
Cape Verde,CPV,2015,14.6
Cape Verde,CPV,2016,14.7
Cape Verde,CPV,2017,14.9
Cape Verde,CPV,2018,17.3
Cape Verde,CPV,2019,17.3
Cape Verde,CPV,2020,17.4
Cape Verde,CPV,2021,17.2
Costa Rica,CRI,2000,12.5
Costa Rica,CRI,2001,12.5
Costa Rica,CRI,2002,11.6
Costa Rica,CRI,2003,11.6
Costa Rica,CRI,2004,11.8
Costa Rica,CRI,2005,10.8
Costa Rica,CRI,2006,11.0
Costa Rica,CRI,2007,9.9
Costa Rica,CRI,2008,9.8
Costa Rica,CRI,2009,9.6
Costa Rica,CRI,2010,10.9
Costa Rica,CRI,2011,10.1
Costa Rica,CRI,2012,10.1
Costa Rica,CRI,2013,9.9
Costa Rica,CRI,2014,9.6
Costa Rica,CRI,2015,9.6
Costa Rica,CRI,2016,9.8
Costa Rica,CRI,2017,10.0
Costa Rica,CRI,2018,9.9
Costa Rica,CRI,2019,9.9
Costa Rica,CRI,2020,10.1
Costa Rica,CRI,2021,9.9
Cuba,CUB,2000,17.9
Cuba,CUB,2001,18.3
Cuba,CUB,2002,17.2
Cuba,CUB,2003,17.5
Cuba,CUB,2004,17.2
Cuba,CUB,2005,17.3
Cuba,CUB,2006,17.1
Cuba,CUB,2007,17.2
Cuba,CUB,2008,17.1
Cuba,CUB,2009,17.0
Cuba,CUB,2010,17.2
Cuba,CUB,2011,16.2
Cuba,CUB,2012,16.2
Cuba,CUB,2013,16.4
Cuba,CUB,2014,16.5
Cuba,CUB,2015,16.6
Cuba,CUB,2016,16.3
Cuba,CUB,2017,16.9
Cuba,CUB,2018,16.6
Cuba,CUB,2019,16.8
Cuba,CUB,2020,16.9
Cuba,CUB,2021,17.6
Cyprus,CYP,2000,12.8
Cyprus,CYP,2001,13.1
Cyprus,CYP,2002,13.3
Cyprus,CYP,2003,13.1
Cyprus,CYP,2004,13.2
Cyprus,CYP,2005,12.5
Cyprus,CYP,2006,12.3
Cyprus,CYP,2007,11.6
Cyprus,CYP,2008,11.0
Cyprus,CYP,2009,10.6
Cyprus,CYP,2010,10.4
Cyprus,CYP,2011,9.9
Cyprus,CYP,2012,10.0
Cyprus,CYP,2013,9.6
Cyprus,CYP,2014,9.9
Cyprus,CYP,2015,9.9
Cyprus,CYP,2016,9.7
Cyprus,CYP,2017,9.6
Cyprus,CYP,2018,9.2
Cyprus,CYP,2019,9.0
Cyprus,CYP,2020,9.2
Cyprus,CYP,2021,8.5
Czechia,CZE,2000,22.5
Czechia,CZE,2001,21.7
Czechia,CZE,2002,21.4
Czechia,CZE,2003,21.2
Czechia,CZE,2004,20.5
Czechia,CZE,2005,19.7
Czechia,CZE,2006,19.1
Czechia,CZE,2007,18.7
Czechia,CZE,2008,18.3
Czechia,CZE,2009,18.1
Czechia,CZE,2010,17.8
Czechia,CZE,2011,17.4
Czechia,CZE,2012,16.9
Czechia,CZE,2013,16.8
Czechia,CZE,2014,15.7
Czechia,CZE,2015,15.6
Czechia,CZE,2016,15.0
Czechia,CZE,2017,14.9
Czechia,CZE,2018,14.8
Czechia,CZE,2019,14.3
Czechia,CZE,2020,14.4
Czechia,CZE,2021,14.2
Germany,DEU,2000,16.1
Germany,DEU,2001,15.5
Germany,DEU,2002,15.3
Germany,DEU,2003,15.0
Germany,DEU,2004,14.4
Germany,DEU,2005,14.0
Germany,DEU,2006,13.6
Germany,DEU,2007,13.5
Germany,DEU,2008,13.3
Germany,DEU,2009,13.2
Germany,DEU,2010,13.0
Germany,DEU,2011,12.8
Germany,DEU,2012,12.5
Germany,DEU,2013,12.8
Germany,DEU,2014,12.3
Germany,DEU,2015,12.5
Germany,DEU,2016,12.4
Germany,DEU,2017,12.1
Germany,DEU,2018,12.1
Germany,DEU,2019,11.8
Germany,DEU,2020,11.7
Germany,DEU,2021,11.6
Djibouti,DJI,2000,21.6
Djibouti,DJI,2001,21.5
Djibouti,DJI,2002,22.3
Djibouti,DJI,2003,22.4
Djibouti,DJI,2004,22.7
Djibouti,DJI,2005,22.2
Djibouti,DJI,2006,21.8
Djibouti,DJI,2007,21.8
Djibouti,DJI,2008,21.2
Djibouti,DJI,2009,21.0
Djibouti,DJI,2010,20.3
Djibouti,DJI,2011,20.8
Djibouti,DJI,2012,20.9
Djibouti,DJI,2013,21.0
Djibouti,DJI,2014,21.5
Djibouti,DJI,2015,21.5
Djibouti,DJI,2016,21.7
Djibouti,DJI,2017,21.9
Djibouti,DJI,2018,21.8
Djibouti,DJI,2019,21.5
Djibouti,DJI,2020,21.5
Djibouti,DJI,2021,20.6
Denmark,DNK,2000,18.4
Denmark,DNK,2001,17.9
Denmark,DNK,2002,17.3
Denmark,DNK,2003,16.5
Denmark,DNK,2004,15.8
Denmark,DNK,2005,15.1
Denmark,DNK,2006,15.1
Denmark,DNK,2007,14.7
Denmark,DNK,2008,14.2
Denmark,DNK,2009,13.9
Denmark,DNK,2010,13.5
Denmark,DNK,2011,12.9
Denmark,DNK,2012,12.7
Denmark,DNK,2013,12.3
Denmark,DNK,2014,12.3
Denmark,DNK,2015,11.9
Denmark,DNK,2016,11.8
Denmark,DNK,2017,11.2
Denmark,DNK,2018,11.3
Denmark,DNK,2019,11.1
Denmark,DNK,2020,10.6
Denmark,DNK,2021,10.7
Dominican Republic,DOM,2000,15.8
Dominican Republic,DOM,2001,15.3
Dominican Republic,DOM,2002,15.3
Dominican Republic,DOM,2003,15.2
Dominican Republic,DOM,2004,15.7
Dominican Republic,DOM,2005,16.6
Dominican Republic,DOM,2006,17.0
Dominican Republic,DOM,2007,16.9
Dominican Republic,DOM,2008,16.8
Dominican Republic,DOM,2009,16.8
Dominican Republic,DOM,2010,16.3
Dominican Republic,DOM,2011,16.4
Dominican Republic,DOM,2012,17.4
Dominican Republic,DOM,2013,18.4
Dominican Republic,DOM,2014,19.0
Dominican Republic,DOM,2015,19.2
Dominican Republic,DOM,2016,19.3
Dominican Republic,DOM,2017,19.4
Dominican Republic,DOM,2018,19.2
Dominican Republic,DOM,2019,18.6
Dominican Republic,DOM,2020,19.1
Dominican Republic,DOM,2021,17.4
Algeria,DZA,2000,18.0
Algeria,DZA,2001,17.7
Algeria,DZA,2002,17.4
Algeria,DZA,2003,17.4
Algeria,DZA,2004,17.1
Algeria,DZA,2005,16.8
Algeria,DZA,2006,16.5
Algeria,DZA,2007,16.2
Algeria,DZA,2008,15.9
Algeria,DZA,2009,15.6
Algeria,DZA,2010,15.2
Algeria,DZA,2011,15.1
Algeria,DZA,2012,14.8
Algeria,DZA,2013,14.5
Algeria,DZA,2014,14.3
Algeria,DZA,2015,14.2
Algeria,DZA,2016,14.1
Algeria,DZA,2017,14.1
Algeria,DZA,2018,14.0
Algeria,DZA,2019,14.0
Algeria,DZA,2020,12.7
Algeria,DZA,2021,13.3
Ecuador,ECU,2000,15.4
Ecuador,ECU,2001,15.3
Ecuador,ECU,2002,15.3
Ecuador,ECU,2003,14.5
Ecuador,ECU,2004,14.1
Ecuador,ECU,2005,14.5
Ecuador,ECU,2006,14.4
Ecuador,ECU,2007,14.2
Ecuador,ECU,2008,14.0
Ecuador,ECU,2009,13.9
Ecuador,ECU,2010,13.1
Ecuador,ECU,2011,12.9
Ecuador,ECU,2012,12.9
Ecuador,ECU,2013,12.4
Ecuador,ECU,2014,12.0
Ecuador,ECU,2015,11.9
Ecuador,ECU,2016,12.1
Ecuador,ECU,2017,11.9
Ecuador,ECU,2018,11.7
Ecuador,ECU,2019,11.5
Ecuador,ECU,2020,14.0
Ecuador,ECU,2021,13.2
Egypt,EGY,2000,28.2
Egypt,EGY,2001,29.5
Egypt,EGY,2002,29.8
Egypt,EGY,2003,30.3
Egypt,EGY,2004,30.0
Egypt,EGY,2005,29.7
Egypt,EGY,2006,29.9
Egypt,EGY,2007,29.5
Egypt,EGY,2008,29.6
Egypt,EGY,2009,29.9
Egypt,EGY,2010,29.9
Egypt,EGY,2011,29.1
Egypt,EGY,2012,29.7
Egypt,EGY,2013,28.4
Egypt,EGY,2014,28.8
Egypt,EGY,2015,30.1
Egypt,EGY,2016,28.9
Egypt,EGY,2017,27.5
Egypt,EGY,2018,27.8
Egypt,EGY,2019,27.4
Egypt,EGY,2020,26.0
Egypt,EGY,2021,26.0
Eritrea,ERI,2000,33.8
Eritrea,ERI,2001,32.5
Eritrea,ERI,2002,32.1
Eritrea,ERI,2003,30.6
Eritrea,ERI,2004,30.7
Eritrea,ERI,2005,30.6
Eritrea,ERI,2006,30.5
Eritrea,ERI,2007,30.0
Eritrea,ERI,2008,30.2
Eritrea,ERI,2009,30.3
Eritrea,ERI,2010,30.0
Eritrea,ERI,2011,29.5
Eritrea,ERI,2012,29.0
Eritrea,ERI,2013,28.9
Eritrea,ERI,2014,28.5
Eritrea,ERI,2015,28.4
Eritrea,ERI,2016,28.0
Eritrea,ERI,2017,27.8
Eritrea,ERI,2018,27.7
Eritrea,ERI,2019,27.3
Eritrea,ERI,2020,27.9
Eritrea,ERI,2021,27.3
Spain,ESP,2000,13.7
Spain,ESP,2001,13.4
Spain,ESP,2002,13.1
Spain,ESP,2003,13.0
Spain,ESP,2004,12.5
Spain,ESP,2005,12.4
Spain,ESP,2006,12.0
Spain,ESP,2007,11.8
Spain,ESP,2008,11.4
Spain,ESP,2009,11.3
Spain,ESP,2010,11.1
Spain,ESP,2011,10.9
Spain,ESP,2012,10.7
Spain,ESP,2013,10.4
Spain,ESP,2014,10.2
Spain,ESP,2015,10.3
Spain,ESP,2016,10.1
Spain,ESP,2017,10.0
Spain,ESP,2018,9.9
Spain,ESP,2019,9.6
Spain,ESP,2020,9.4
Spain,ESP,2021,9.3
Estonia,EST,2000,27.1
Estonia,EST,2001,26.9
Estonia,EST,2002,26.2
Estonia,EST,2003,25.5
Estonia,EST,2004,24.9
Estonia,EST,2005,23.7
Estonia,EST,2006,24.1
Estonia,EST,2007,23.4
Estonia,EST,2008,22.1
Estonia,EST,2009,20.7
Estonia,EST,2010,19.9
Estonia,EST,2011,19.2
Estonia,EST,2012,18.9
Estonia,EST,2013,18.2
Estonia,EST,2014,18.0
Estonia,EST,2015,17.1
Estonia,EST,2016,17.2
Estonia,EST,2017,16.5
Estonia,EST,2018,16.5
Estonia,EST,2019,15.1
Estonia,EST,2020,15.4
Estonia,EST,2021,15.5
Ethiopia,ETH,2000,25.3
Ethiopia,ETH,2001,24.4
Ethiopia,ETH,2002,23.7
Ethiopia,ETH,2003,23.0
Ethiopia,ETH,2004,22.5
Ethiopia,ETH,2005,21.8
Ethiopia,ETH,2006,21.0
Ethiopia,ETH,2007,20.3
Ethiopia,ETH,2008,19.9
Ethiopia,ETH,2009,19.3
Ethiopia,ETH,2010,18.8
Ethiopia,ETH,2011,18.4
Ethiopia,ETH,2012,17.9
Ethiopia,ETH,2013,17.2
Ethiopia,ETH,2014,16.9
Ethiopia,ETH,2015,17.2
Ethiopia,ETH,2016,17.1
Ethiopia,ETH,2017,17.1
Ethiopia,ETH,2018,17.1
Ethiopia,ETH,2019,17.2
Ethiopia,ETH,2020,17.3
Ethiopia,ETH,2021,16.8
Finland,FIN,2000,14.7
Finland,FIN,2001,13.8
Finland,FIN,2002,13.6
Finland,FIN,2003,13.4
Finland,FIN,2004,13.4
Finland,FIN,2005,13.0
Finland,FIN,2006,12.5
Finland,FIN,2007,12.5
Finland,FIN,2008,12.2
Finland,FIN,2009,12.2
Finland,FIN,2010,12.0
Finland,FIN,2011,11.7
Finland,FIN,2012,11.4
Finland,FIN,2013,11.1
Finland,FIN,2014,10.7
Finland,FIN,2015,10.7
Finland,FIN,2016,10.4
Finland,FIN,2017,10.3
Finland,FIN,2018,10.0
Finland,FIN,2019,9.6
Finland,FIN,2020,9.7
Finland,FIN,2021,9.6
Fiji,FJI,2000,44.0
Fiji,FJI,2001,42.6
Fiji,FJI,2002,41.4
Fiji,FJI,2003,41.5
Fiji,FJI,2004,40.2
Fiji,FJI,2005,40.8
Fiji,FJI,2006,41.2
Fiji,FJI,2007,41.4
Fiji,FJI,2008,41.9
Fiji,FJI,2009,41.6
Fiji,FJI,2010,41.3
Fiji,FJI,2011,40.8
Fiji,FJI,2012,40.4
Fiji,FJI,2013,40.2
Fiji,FJI,2014,40.0
Fiji,FJI,2015,39.7
Fiji,FJI,2016,39.4
Fiji,FJI,2017,39.3
Fiji,FJI,2018,39.0
Fiji,FJI,2019,38.8
Fiji,FJI,2020,38.6
Fiji,FJI,2021,37.9
France,FRA,2000,14.1
France,FRA,2001,13.8
France,FRA,2002,13.6
France,FRA,2003,13.4
France,FRA,2004,12.8
France,FRA,2005,12.7
France,FRA,2006,12.4
France,FRA,2007,12.2
France,FRA,2008,12.0
France,FRA,2009,11.9
France,FRA,2010,11.8
France,FRA,2011,11.5
France,FRA,2012,11.4
France,FRA,2013,11.2
France,FRA,2014,11.0
France,FRA,2015,10.8
France,FRA,2016,10.8
France,FRA,2017,10.7
France,FRA,2018,10.3
France,FRA,2019,10.1
France,FRA,2020,10.0
France,FRA,2021,10.2
Micronesia (country),FSM,2000,41.6
Micronesia (country),FSM,2001,41.4
Micronesia (country),FSM,2002,41.1
Micronesia (country),FSM,2003,41.0
Micronesia (country),FSM,2004,41.1
Micronesia (country),FSM,2005,41.2
Micronesia (country),FSM,2006,40.9
Micronesia (country),FSM,2007,40.5
Micronesia (country),FSM,2008,40.3
Micronesia (country),FSM,2009,40.2
Micronesia (country),FSM,2010,40.1
Micronesia (country),FSM,2011,40.0
Micronesia (country),FSM,2012,39.9
Micronesia (country),FSM,2013,39.7
Micronesia (country),FSM,2014,39.0
Micronesia (country),FSM,2015,39.7
Micronesia (country),FSM,2016,39.2
Micronesia (country),FSM,2017,39.1
Micronesia (country),FSM,2018,39.2
Micronesia (country),FSM,2019,39.1
Micronesia (country),FSM,2020,40.7
Micronesia (country),FSM,2021,40.5
Gabon,GAB,2000,24.7
Gabon,GAB,2001,24.4
Gabon,GAB,2002,22.8
Gabon,GAB,2003,23.1
Gabon,GAB,2004,22.6
Gabon,GAB,2005,24.1
Gabon,GAB,2006,24.1
Gabon,GAB,2007,22.7
Gabon,GAB,2008,22.5
Gabon,GAB,2009,23.2
Gabon,GAB,2010,22.9
Gabon,GAB,2011,22.7
Gabon,GAB,2012,21.9
Gabon,GAB,2013,22.0
Gabon,GAB,2014,23.5
Gabon,GAB,2015,23.5
Gabon,GAB,2016,22.8
Gabon,GAB,2017,22.2
Gabon,GAB,2018,21.9
Gabon,GAB,2019,21.5
Gabon,GAB,2020,19.2
Gabon,GAB,2021,18.1
United Kingdom,GBR,2000,16.5
United Kingdom,GBR,2001,16.1
United Kingdom,GBR,2002,15.7
United Kingdom,GBR,2003,15.3
United Kingdom,GBR,2004,14.6
United Kingdom,GBR,2005,14.2
United Kingdom,GBR,2006,13.8
United Kingdom,GBR,2007,13.5
United Kingdom,GBR,2008,13.2
United Kingdom,GBR,2009,12.6
United Kingdom,GBR,2010,12.4
United Kingdom,GBR,2011,11.9
United Kingdom,GBR,2012,11.7
United Kingdom,GBR,2013,11.5
United Kingdom,GBR,2014,11.3
United Kingdom,GBR,2015,11.3
United Kingdom,GBR,2016,11.3
United Kingdom,GBR,2017,11.0
United Kingdom,GBR,2018,11.3
United Kingdom,GBR,2019,10.7
United Kingdom,GBR,2020,10.8
United Kingdom,GBR,2021,11.0
Georgia,GEO,2000,26.0
Georgia,GEO,2001,25.4
Georgia,GEO,2002,29.0
Georgia,GEO,2003,27.7
Georgia,GEO,2004,27.0
Georgia,GEO,2005,25.8
Georgia,GEO,2006,26.5
Georgia,GEO,2007,26.3
Georgia,GEO,2008,27.0
Georgia,GEO,2009,31.4
Georgia,GEO,2010,28.2
Georgia,GEO,2011,25.9
Georgia,GEO,2012,25.3
Georgia,GEO,2013,24.3
Georgia,GEO,2014,24.2
Georgia,GEO,2015,24.4
Georgia,GEO,2016,24.5
Georgia,GEO,2017,22.9
Georgia,GEO,2018,22.8
Georgia,GEO,2019,22.4
Georgia,GEO,2020,22.6
Georgia,GEO,2021,22.1
Ghana,GHA,2000,24.5
Ghana,GHA,2001,25.1
Ghana,GHA,2002,25.2
Ghana,GHA,2003,25.3
Ghana,GHA,2004,25.2
Ghana,GHA,2005,25.2
Ghana,GHA,2006,25.2
Ghana,GHA,2007,25.4
Ghana,GHA,2008,25.5
Ghana,GHA,2009,25.7
Ghana,GHA,2010,25.4
Ghana,GHA,2011,25.4
Ghana,GHA,2012,25.0
Ghana,GHA,2013,24.7
Ghana,GHA,2014,24.4
Ghana,GHA,2015,24.2
Ghana,GHA,2016,23.9
Ghana,GHA,2017,23.6
Ghana,GHA,2018,23.2
Ghana,GHA,2019,22.8
Ghana,GHA,2020,22.8
Ghana,GHA,2021,22.2
Guinea,GIN,2000,24.1
Guinea,GIN,2001,24.5
Guinea,GIN,2002,24.9
Guinea,GIN,2003,25.0
Guinea,GIN,2004,25.2
Guinea,GIN,2005,24.9
Guinea,GIN,2006,25.5
Guinea,GIN,2007,25.8
Guinea,GIN,2008,25.9
Guinea,GIN,2009,25.9
Guinea,GIN,2010,26.4
Guinea,GIN,2011,26.3
Guinea,GIN,2012,26.2
Guinea,GIN,2013,25.9
Guinea,GIN,2014,25.9
Guinea,GIN,2015,25.8
Guinea,GIN,2016,25.5
Guinea,GIN,2017,25.3
Guinea,GIN,2018,24.9
Guinea,GIN,2019,24.5
Guinea,GIN,2020,24.4
Guinea,GIN,2021,23.6
Gambia,GMB,2000,24.0
Gambia,GMB,2001,24.2
Gambia,GMB,2002,24.3
Gambia,GMB,2003,24.4
Gambia,GMB,2004,24.6
Gambia,GMB,2005,24.2
Gambia,GMB,2006,23.6
Gambia,GMB,2007,23.5
Gambia,GMB,2008,23.6
Gambia,GMB,2009,23.4
Gambia,GMB,2010,22.8
Gambia,GMB,2011,23.0
Gambia,GMB,2012,23.1
Gambia,GMB,2013,22.9
Gambia,GMB,2014,23.1
Gambia,GMB,2015,23.0
Gambia,GMB,2016,23.0
Gambia,GMB,2017,23.1
Gambia,GMB,2018,22.9
Gambia,GMB,2019,23.0
Gambia,GMB,2020,22.9
Gambia,GMB,2021,21.8
Guinea-Bissau,GNB,2000,33.0
Guinea-Bissau,GNB,2001,32.1
Guinea-Bissau,GNB,2002,31.0
Guinea-Bissau,GNB,2003,30.8
Guinea-Bissau,GNB,2004,30.7
Guinea-Bissau,GNB,2005,29.4
Guinea-Bissau,GNB,2006,29.2
Guinea-Bissau,GNB,2007,28.9
Guinea-Bissau,GNB,2008,28.4
Guinea-Bissau,GNB,2009,28.4
Guinea-Bissau,GNB,2010,28.1
Guinea-Bissau,GNB,2011,27.4
Guinea-Bissau,GNB,2012,26.9
Guinea-Bissau,GNB,2013,26.6
Guinea-Bissau,GNB,2014,26.7
Guinea-Bissau,GNB,2015,26.9
Guinea-Bissau,GNB,2016,26.6
Guinea-Bissau,GNB,2017,26.4
Guinea-Bissau,GNB,2018,25.7
Guinea-Bissau,GNB,2019,26.1
Guinea-Bissau,GNB,2020,26.8
Guinea-Bissau,GNB,2021,25.3
Equatorial Guinea,GNQ,2000,27.9
Equatorial Guinea,GNQ,2001,26.1
Equatorial Guinea,GNQ,2002,24.4
Equatorial Guinea,GNQ,2003,24.0
Equatorial Guinea,GNQ,2004,23.2
Equatorial Guinea,GNQ,2005,22.1
Equatorial Guinea,GNQ,2006,21.1
Equatorial Guinea,GNQ,2007,20.2
Equatorial Guinea,GNQ,2008,20.4
Equatorial Guinea,GNQ,2009,20.2
Equatorial Guinea,GNQ,2010,20.2
Equatorial Guinea,GNQ,2011,20.2
Equatorial Guinea,GNQ,2012,19.9
Equatorial Guinea,GNQ,2013,18.8
Equatorial Guinea,GNQ,2014,18.5
Equatorial Guinea,GNQ,2015,19.1
Equatorial Guinea,GNQ,2016,19.8
Equatorial Guinea,GNQ,2017,20.2
Equatorial Guinea,GNQ,2018,21.0
Equatorial Guinea,GNQ,2019,21.1
Equatorial Guinea,GNQ,2020,21.1
Equatorial Guinea,GNQ,2021,20.3
Greece,GRC,2000,15.0
Greece,GRC,2001,14.6
Greece,GRC,2002,14.3
Greece,GRC,2003,14.3
Greece,GRC,2004,14.2
Greece,GRC,2005,13.6
Greece,GRC,2006,13.4
Greece,GRC,2007,13.7
Greece,GRC,2008,13.3
Greece,GRC,2009,13.1
Greece,GRC,2010,12.9
Greece,GRC,2011,13.0
Greece,GRC,2012,13.2
Greece,GRC,2013,12.9
Greece,GRC,2014,12.5
Greece,GRC,2015,12.7
Greece,GRC,2016,12.3
Greece,GRC,2017,12.3
Greece,GRC,2018,11.9
Greece,GRC,2019,12.0
Greece,GRC,2020,12.0
Greece,GRC,2021,12.0
Grenada,GRD,2000,23.5
Grenada,GRD,2001,22.5
Grenada,GRD,2002,22.6
Grenada,GRD,2003,22.9
Grenada,GRD,2004,22.3
Grenada,GRD,2005,21.5
Grenada,GRD,2006,21.0
Grenada,GRD,2007,20.8
Grenada,GRD,2008,20.9
Grenada,GRD,2009,21.4
Grenada,GRD,2010,22.5
Grenada,GRD,2011,22.7
Grenada,GRD,2012,22.7
Grenada,GRD,2013,22.3
Grenada,GRD,2014,22.3
Grenada,GRD,2015,22.6
Grenada,GRD,2016,22.5
Grenada,GRD,2017,22.7
Grenada,GRD,2018,22.5
Grenada,GRD,2019,22.6
Grenada,GRD,2020,17.3
Grenada,GRD,2021,17.1
Guatemala,GTM,2000,13.9
Guatemala,GTM,2001,13.5
Guatemala,GTM,2002,13.3
Guatemala,GTM,2003,13.9
Guatemala,GTM,2004,14.0
Guatemala,GTM,2005,14.5
Guatemala,GTM,2006,14.4
Guatemala,GTM,2007,14.0
Guatemala,GTM,2008,13.6
Guatemala,GTM,2009,14.3
Guatemala,GTM,2010,14.7
Guatemala,GTM,2011,14.7
Guatemala,GTM,2012,14.9
Guatemala,GTM,2013,15.3
Guatemala,GTM,2014,15.3
Guatemala,GTM,2015,15.7
Guatemala,GTM,2016,15.8
Guatemala,GTM,2017,15.2
Guatemala,GTM,2018,15.8
Guatemala,GTM,2019,15.5
Guatemala,GTM,2020,16.0
Guatemala,GTM,2021,14.6
Guyana,GUY,2000,32.1
Guyana,GUY,2001,31.2
Guyana,GUY,2002,31.4
Guyana,GUY,2003,31.5
Guyana,GUY,2004,31.2
Guyana,GUY,2005,30.9
Guyana,GUY,2006,30.9
Guyana,GUY,2007,30.5
Guyana,GUY,2008,30.8
Guyana,GUY,2009,30.4
Guyana,GUY,2010,29.9
Guyana,GUY,2011,29.6
Guyana,GUY,2012,29.3
Guyana,GUY,2013,29.3
Guyana,GUY,2014,29.1
Guyana,GUY,2015,28.9
Guyana,GUY,2016,28.1
Guyana,GUY,2017,27.4
Guyana,GUY,2018,26.9
Guyana,GUY,2019,27.8
Guyana,GUY,2020,29.7
Guyana,GUY,2021,25.4
Honduras,HND,2000,17.0
Honduras,HND,2001,16.9
Honduras,HND,2002,16.9
Honduras,HND,2003,17.2
Honduras,HND,2004,17.5
Honduras,HND,2005,17.9
Honduras,HND,2006,18.0
Honduras,HND,2007,17.9
Honduras,HND,2008,17.7
Honduras,HND,2009,17.6
Honduras,HND,2010,17.7
Honduras,HND,2011,18.0
Honduras,HND,2012,21.5
Honduras,HND,2013,21.6
Honduras,HND,2014,21.7
Honduras,HND,2015,22.0
Honduras,HND,2016,20.5
Honduras,HND,2017,20.7
Honduras,HND,2018,20.4
Honduras,HND,2019,20.3
Honduras,HND,2020,19.6
Honduras,HND,2021,17.8
Croatia,HRV,2000,22.6
Croatia,HRV,2001,22.1
Croatia,HRV,2002,21.8
Croatia,HRV,2003,21.6
Croatia,HRV,2004,20.2
Croatia,HRV,2005,20.4
Croatia,HRV,2006,19.5
Croatia,HRV,2007,19.5
Croatia,HRV,2008,19.4
Croatia,HRV,2009,18.7
Croatia,HRV,2010,18.3
Croatia,HRV,2011,18.0
Croatia,HRV,2012,17.6
Croatia,HRV,2013,17.0
Croatia,HRV,2014,16.8
Croatia,HRV,2015,17.2
Croatia,HRV,2016,16.6
Croatia,HRV,2017,16.5
Croatia,HRV,2018,16.5
Croatia,HRV,2019,15.9
Croatia,HRV,2020,15.8
Croatia,HRV,2021,15.9
Haiti,HTI,2000,34.8
Haiti,HTI,2001,34.6
Haiti,HTI,2002,34.4
Haiti,HTI,2003,34.5
Haiti,HTI,2004,34.4
Haiti,HTI,2005,34.5
Haiti,HTI,2006,34.0
Haiti,HTI,2007,33.8
Haiti,HTI,2008,33.6
Haiti,HTI,2009,33.4
Haiti,HTI,2010,33.3
Haiti,HTI,2011,33.2
Haiti,HTI,2012,33.3
Haiti,HTI,2013,33.2
Haiti,HTI,2014,33.0
Haiti,HTI,2015,33.1
Haiti,HTI,2016,32.6
Haiti,HTI,2017,32.4
Haiti,HTI,2018,32.6
Haiti,HTI,2019,32.7
Haiti,HTI,2020,33.1
Haiti,HTI,2021,31.6
Hungary,HUN,2000,29.1
Hungary,HUN,2001,27.2
Hungary,HUN,2002,27.1
Hungary,HUN,2003,27.2
Hungary,HUN,2004,26.8
Hungary,HUN,2005,26.7
Hungary,HUN,2006,26.2
Hungary,HUN,2007,25.9
Hungary,HUN,2008,25.3
Hungary,HUN,2009,25.3
Hungary,HUN,2010,24.5
Hungary,HUN,2011,24.5
Hungary,HUN,2012,23.8
Hungary,HUN,2013,23.1
Hungary,HUN,2014,23.0
Hungary,HUN,2015,23.2
Hungary,HUN,2016,22.8
Hungary,HUN,2017,23.1
Hungary,HUN,2018,22.7
Hungary,HUN,2019,22.1
Hungary,HUN,2020,21.8
Hungary,HUN,2021,21.7
Indonesia,IDN,2000,25.9
Indonesia,IDN,2001,25.9
Indonesia,IDN,2002,26.0
Indonesia,IDN,2003,26.2
Indonesia,IDN,2004,26.3
Indonesia,IDN,2005,26.3
Indonesia,IDN,2006,26.2
Indonesia,IDN,2007,26.2
Indonesia,IDN,2008,26.2
Indonesia,IDN,2009,26.1
Indonesia,IDN,2010,26.0
Indonesia,IDN,2011,25.7
Indonesia,IDN,2012,25.5
Indonesia,IDN,2013,25.3
Indonesia,IDN,2014,25.1
Indonesia,IDN,2015,25.0
Indonesia,IDN,2016,24.7
Indonesia,IDN,2017,24.5
Indonesia,IDN,2018,24.3
Indonesia,IDN,2019,24.2
Indonesia,IDN,2020,23.8
Indonesia,IDN,2021,21.9
India,IND,2000,22.9
India,IND,2001,22.6
India,IND,2002,22.5
India,IND,2003,22.3
India,IND,2004,21.5
India,IND,2005,21.4
India,IND,2006,21.7
India,IND,2007,21.9
India,IND,2008,22.1
India,IND,2009,22.1
India,IND,2010,22.6
India,IND,2011,22.9
India,IND,2012,22.9
India,IND,2013,22.3
India,IND,2014,22.0
India,IND,2015,22.6
India,IND,2016,22.8
India,IND,2017,23.0
India,IND,2018,23.6
India,IND,2019,23.7
India,IND,2020,23.3
India,IND,2021,23.6
Ireland,IRL,2000,17.7
Ireland,IRL,2001,16.6
Ireland,IRL,2002,15.6
Ireland,IRL,2003,15.4
Ireland,IRL,2004,14.5
Ireland,IRL,2005,13.9
Ireland,IRL,2006,13.4
Ireland,IRL,2007,13.0
Ireland,IRL,2008,13.0
Ireland,IRL,2009,12.8
Ireland,IRL,2010,11.5
Ireland,IRL,2011,11.9
Ireland,IRL,2012,11.6
Ireland,IRL,2013,11.4
Ireland,IRL,2014,10.9
Ireland,IRL,2015,10.6
Ireland,IRL,2016,10.5
Ireland,IRL,2017,10.4
Ireland,IRL,2018,10.1
Ireland,IRL,2019,9.9
Ireland,IRL,2020,9.6
Ireland,IRL,2021,9.6
Iran,IRN,2000,18.9
Iran,IRN,2001,18.5
Iran,IRN,2002,18.2
Iran,IRN,2003,17.7
Iran,IRN,2004,17.5
Iran,IRN,2005,17.2
Iran,IRN,2006,16.9
Iran,IRN,2007,16.6
Iran,IRN,2008,16.2
Iran,IRN,2009,15.8
Iran,IRN,2010,15.2
Iran,IRN,2011,14.9
Iran,IRN,2012,14.9
Iran,IRN,2013,15.0
Iran,IRN,2014,15.2
Iran,IRN,2015,15.3
Iran,IRN,2016,15.2
Iran,IRN,2017,15.1
Iran,IRN,2018,14.9
Iran,IRN,2019,14.9
Iran,IRN,2020,13.9
Iran,IRN,2021,13.9
Iraq,IRQ,2000,27.6
Iraq,IRQ,2001,27.0
Iraq,IRQ,2002,26.7
Iraq,IRQ,2003,26.5
Iraq,IRQ,2004,26.2
Iraq,IRQ,2005,25.8
Iraq,IRQ,2006,25.5
Iraq,IRQ,2007,25.5
Iraq,IRQ,2008,25.4
Iraq,IRQ,2009,25.2
Iraq,IRQ,2010,24.8
Iraq,IRQ,2011,24.5
Iraq,IRQ,2012,24.0
Iraq,IRQ,2013,23.6
Iraq,IRQ,2014,23.0
Iraq,IRQ,2015,22.5
Iraq,IRQ,2016,22.2
Iraq,IRQ,2017,22.0
Iraq,IRQ,2018,22.2
Iraq,IRQ,2019,22.4
Iraq,IRQ,2020,24.6
Iraq,IRQ,2021,22.7
Iceland,ISL,2000,13.2
Iceland,ISL,2001,12.6
Iceland,ISL,2002,12.1
Iceland,ISL,2003,11.8
Iceland,ISL,2004,11.4
Iceland,ISL,2005,11.4
Iceland,ISL,2006,11.0
Iceland,ISL,2007,10.7
Iceland,ISL,2008,10.2
Iceland,ISL,2009,9.9
Iceland,ISL,2010,9.9
Iceland,ISL,2011,9.7
Iceland,ISL,2012,9.4
Iceland,ISL,2013,9.3
Iceland,ISL,2014,9.3
Iceland,ISL,2015,9.2
Iceland,ISL,2016,8.7
Iceland,ISL,2017,8.5
Iceland,ISL,2018,8.3
Iceland,ISL,2019,8.6
Iceland,ISL,2020,8.2
Iceland,ISL,2021,8.5
Israel,ISR,2000,14.3
Israel,ISR,2001,13.7
Israel,ISR,2002,13.0
Israel,ISR,2003,12.7
Israel,ISR,2004,12.0
Israel,ISR,2005,12.2
Israel,ISR,2006,11.6
Israel,ISR,2007,11.5
Israel,ISR,2008,11.0
Israel,ISR,2009,10.3
Israel,ISR,2010,10.4
Israel,ISR,2011,10.0
Israel,ISR,2012,9.8
Israel,ISR,2013,9.9
Israel,ISR,2014,9.5
Israel,ISR,2015,9.5
Israel,ISR,2016,9.1
Israel,ISR,2017,9.0
Israel,ISR,2018,9.0
Israel,ISR,2019,8.9
Israel,ISR,2020,8.4
Israel,ISR,2021,7.6
Italy,ITA,2000,13.6
Italy,ITA,2001,13.3
Italy,ITA,2002,12.9
Italy,ITA,2003,12.7
Italy,ITA,2004,12.0
Italy,ITA,2005,11.8
Italy,ITA,2006,11.4
Italy,ITA,2007,11.2
Italy,ITA,2008,10.9
Italy,ITA,2009,10.8
Italy,ITA,2010,10.4
Italy,ITA,2011,10.6
Italy,ITA,2012,10.4
Italy,ITA,2013,10.0
Italy,ITA,2014,9.8
Italy,ITA,2015,9.8
Italy,ITA,2016,9.3
Italy,ITA,2017,9.4
Italy,ITA,2018,9.3
Italy,ITA,2019,8.9
Italy,ITA,2020,8.8
Italy,ITA,2021,9.1
Jamaica,JAM,2000,20.1
Jamaica,JAM,2001,19.6
Jamaica,JAM,2002,19.3
Jamaica,JAM,2003,18.5
Jamaica,JAM,2004,17.0
Jamaica,JAM,2005,18.7
Jamaica,JAM,2006,14.9
Jamaica,JAM,2007,23.0
Jamaica,JAM,2008,20.2
Jamaica,JAM,2009,17.3
Jamaica,JAM,2010,14.6
Jamaica,JAM,2011,17.2
Jamaica,JAM,2012,15.2
Jamaica,JAM,2013,15.3
Jamaica,JAM,2014,17.2
Jamaica,JAM,2015,19.7
Jamaica,JAM,2016,19.4
Jamaica,JAM,2017,19.7
Jamaica,JAM,2018,19.2
Jamaica,JAM,2019,19.3
Jamaica,JAM,2020,18.3
Jamaica,JAM,2021,20.2
Jordan,JOR,2000,24.7
Jordan,JOR,2001,24.5
Jordan,JOR,2002,24.1
Jordan,JOR,2003,23.3
Jordan,JOR,2004,23.1
Jordan,JOR,2005,22.8
Jordan,JOR,2006,22.1
Jordan,JOR,2007,20.7
Jordan,JOR,2008,19.7
Jordan,JOR,2009,18.7
Jordan,JOR,2010,17.9
Jordan,JOR,2011,17.4
Jordan,JOR,2012,16.9
Jordan,JOR,2013,16.2
Jordan,JOR,2014,15.5
Jordan,JOR,2015,14.6
Jordan,JOR,2016,14.0
Jordan,JOR,2017,13.4
Jordan,JOR,2018,12.8
Jordan,JOR,2019,12.7
Jordan,JOR,2020,12.9
Jordan,JOR,2021,11.6
Japan,JPN,2000,11.3
Japan,JPN,2001,11.0
Japan,JPN,2002,10.7
Japan,JPN,2003,10.5
Japan,JPN,2004,10.4
Japan,JPN,2005,10.3
Japan,JPN,2006,10.0
Japan,JPN,2007,9.9
Japan,JPN,2008,9.8
Japan,JPN,2009,9.5
Japan,JPN,2010,9.6
Japan,JPN,2011,9.6
Japan,JPN,2012,9.4
Japan,JPN,2013,9.2
Japan,JPN,2014,9.0
Japan,JPN,2015,8.7
Japan,JPN,2016,8.7
Japan,JPN,2017,8.6
Japan,JPN,2018,8.4
Japan,JPN,2019,8.3
Japan,JPN,2020,8.2
Japan,JPN,2021,8.0
Kazakhstan,KAZ,2000,39.4
Kazakhstan,KAZ,2001,38.2
Kazakhstan,KAZ,2002,37.4
Kazakhstan,KAZ,2003,38.4
Kazakhstan,KAZ,2004,36.9
Kazakhstan,KAZ,2005,37.3
Kazakhstan,KAZ,2006,36.3
Kazakhstan,KAZ,2007,35.7
Kazakhstan,KAZ,2008,33.5
Kazakhstan,KAZ,2009,31.4
Kazakhstan,KAZ,2010,31.5
Kazakhstan,KAZ,2011,30.3
Kazakhstan,KAZ,2012,29.2
Kazakhstan,KAZ,2013,27.1
Kazakhstan,KAZ,2014,26.1
Kazakhstan,KAZ,2015,25.5
Kazakhstan,KAZ,2016,25.1
Kazakhstan,KAZ,2017,24.0
Kazakhstan,KAZ,2018,24.0
Kazakhstan,KAZ,2019,23.8
Kazakhstan,KAZ,2020,23.2
Kazakhstan,KAZ,2021,21.2
Kenya,KEN,2000,15.6
Kenya,KEN,2001,15.6
Kenya,KEN,2002,15.9
Kenya,KEN,2003,16.2
Kenya,KEN,2004,16.6
Kenya,KEN,2005,16.9
Kenya,KEN,2006,17.1
Kenya,KEN,2007,17.5
Kenya,KEN,2008,17.9
Kenya,KEN,2009,18.2
Kenya,KEN,2010,18.6
Kenya,KEN,2011,18.9
Kenya,KEN,2012,17.1
Kenya,KEN,2013,17.9
Kenya,KEN,2014,18.1
Kenya,KEN,2015,18.3
Kenya,KEN,2016,18.2
Kenya,KEN,2017,18.7
Kenya,KEN,2018,19.4
Kenya,KEN,2019,19.1
Kenya,KEN,2020,18.8
Kenya,KEN,2021,18.0
Kyrgyzstan,KGZ,2000,33.9
Kyrgyzstan,KGZ,2001,32.4
Kyrgyzstan,KGZ,2002,33.6
Kyrgyzstan,KGZ,2003,34.4
Kyrgyzstan,KGZ,2004,33.1
Kyrgyzstan,KGZ,2005,33.1
Kyrgyzstan,KGZ,2006,33.0
Kyrgyzstan,KGZ,2007,32.0
Kyrgyzstan,KGZ,2008,30.6
Kyrgyzstan,KGZ,2009,29.6
Kyrgyzstan,KGZ,2010,28.0
Kyrgyzstan,KGZ,2011,28.6
Kyrgyzstan,KGZ,2012,27.2
Kyrgyzstan,KGZ,2013,26.5
Kyrgyzstan,KGZ,2014,26.5
Kyrgyzstan,KGZ,2015,25.2
Kyrgyzstan,KGZ,2016,23.2
Kyrgyzstan,KGZ,2017,23.7
Kyrgyzstan,KGZ,2018,23.1
Kyrgyzstan,KGZ,2019,22.7
Kyrgyzstan,KGZ,2020,21.8
Kyrgyzstan,KGZ,2021,18.8
Cambodia,KHM,2000,28.1
Cambodia,KHM,2001,27.6
Cambodia,KHM,2002,26.6
Cambodia,KHM,2003,26.1
Cambodia,KHM,2004,25.9
Cambodia,KHM,2005,25.6
Cambodia,KHM,2006,25.1
Cambodia,KHM,2007,25.0
Cambodia,KHM,2008,24.7
Cambodia,KHM,2009,24.5
Cambodia,KHM,2010,24.4
Cambodia,KHM,2011,24.2
Cambodia,KHM,2012,24.1
Cambodia,KHM,2013,23.8
Cambodia,KHM,2014,23.7
Cambodia,KHM,2015,23.6
Cambodia,KHM,2016,23.5
Cambodia,KHM,2017,23.4
Cambodia,KHM,2018,23.4
Cambodia,KHM,2019,23.3
Cambodia,KHM,2020,23.5
Cambodia,KHM,2021,22.6
Kiribati,KIR,2000,43.8
Kiribati,KIR,2001,43.3
Kiribati,KIR,2002,43.1
Kiribati,KIR,2003,42.8
Kiribati,KIR,2004,42.7
Kiribati,KIR,2005,42.8
Kiribati,KIR,2006,42.5
Kiribati,KIR,2007,42.6
Kiribati,KIR,2008,42.6
Kiribati,KIR,2009,42.6
Kiribati,KIR,2010,42.6
Kiribati,KIR,2011,42.8
Kiribati,KIR,2012,42.4
Kiribati,KIR,2013,42.2
Kiribati,KIR,2014,42.0
Kiribati,KIR,2015,41.8
Kiribati,KIR,2016,41.6
Kiribati,KIR,2017,41.2
Kiribati,KIR,2018,40.7
Kiribati,KIR,2019,40.6
Kiribati,KIR,2020,42.5
Kiribati,KIR,2021,44.1
South Korea,KOR,2000,16.9
South Korea,KOR,2001,16.2
South Korea,KOR,2002,15.9
South Korea,KOR,2003,15.1
South Korea,KOR,2004,14.6
South Korea,KOR,2005,13.8
South Korea,KOR,2006,13.1
South Korea,KOR,2007,12.5
South Korea,KOR,2008,11.9
South Korea,KOR,2009,11.3
South Korea,KOR,2010,10.9
South Korea,KOR,2011,10.3
South Korea,KOR,2012,9.8
South Korea,KOR,2013,9.2
South Korea,KOR,2014,8.9
South Korea,KOR,2015,8.4
South Korea,KOR,2016,8.2
South Korea,KOR,2017,7.7
South Korea,KOR,2018,7.5
South Korea,KOR,2019,7.3
South Korea,KOR,2020,7.0
South Korea,KOR,2021,6.9
Kuwait,KWT,2000,17.4
Kuwait,KWT,2001,14.6
Kuwait,KWT,2002,15.8
Kuwait,KWT,2003,14.8
Kuwait,KWT,2004,15.2
Kuwait,KWT,2005,15.7
Kuwait,KWT,2006,15.6
Kuwait,KWT,2007,15.0
Kuwait,KWT,2008,16.3
Kuwait,KWT,2009,14.8
Kuwait,KWT,2010,13.1
Kuwait,KWT,2011,11.7
Kuwait,KWT,2012,11.8
Kuwait,KWT,2013,11.1
Kuwait,KWT,2014,10.8
Kuwait,KWT,2015,11.5
Kuwait,KWT,2016,10.5
Kuwait,KWT,2017,10.5
Kuwait,KWT,2018,9.9
Kuwait,KWT,2019,10.1
Kuwait,KWT,2020,11.0
Kuwait,KWT,2021,9.3
Laos,LAO,2000,34.3
Laos,LAO,2001,34.0
Laos,LAO,2002,33.2
Laos,LAO,2003,32.5
Laos,LAO,2004,32.1
Laos,LAO,2005,31.8
Laos,LAO,2006,31.4
Laos,LAO,2007,30.7
Laos,LAO,2008,30.4
Laos,LAO,2009,29.8
Laos,LAO,2010,29.2
Laos,LAO,2011,28.6
Laos,LAO,2012,28.2
Laos,LAO,2013,28.0
Laos,LAO,2014,27.9
Laos,LAO,2015,27.6
Laos,LAO,2016,27.4
Laos,LAO,2017,27.2
Laos,LAO,2018,27.2
Laos,LAO,2019,27.1
Laos,LAO,2020,28.1
Laos,LAO,2021,26.5
Lebanon,LBN,2000,17.2
Lebanon,LBN,2001,16.4
Lebanon,LBN,2002,15.6
Lebanon,LBN,2003,15.1
Lebanon,LBN,2004,14.7
Lebanon,LBN,2005,14.7
Lebanon,LBN,2006,14.5
Lebanon,LBN,2007,14.4
Lebanon,LBN,2008,14.4
Lebanon,LBN,2009,14.3
Lebanon,LBN,2010,14.1
Lebanon,LBN,2011,14.2
Lebanon,LBN,2012,14.2
Lebanon,LBN,2013,14.2
Lebanon,LBN,2014,13.9
Lebanon,LBN,2015,13.6
Lebanon,LBN,2016,12.9
Lebanon,LBN,2017,12.5
Lebanon,LBN,2018,12.1
Lebanon,LBN,2019,12.1
Lebanon,LBN,2020,12.7
Lebanon,LBN,2021,11.9
Liberia,LBR,2000,23.1
Liberia,LBR,2001,22.6
Liberia,LBR,2002,23.2
Liberia,LBR,2003,22.1
Liberia,LBR,2004,23.0
Liberia,LBR,2005,22.0
Liberia,LBR,2006,22.2
Liberia,LBR,2007,22.1
Liberia,LBR,2008,22.1
Liberia,LBR,2009,23.0
Liberia,LBR,2010,23.6
Liberia,LBR,2011,24.1
Liberia,LBR,2012,23.7
Liberia,LBR,2013,22.9
Liberia,LBR,2014,22.6
Liberia,LBR,2015,22.7
Liberia,LBR,2016,22.5
Liberia,LBR,2017,22.4
Liberia,LBR,2018,22.0
Liberia,LBR,2019,22.0
Liberia,LBR,2020,22.4
Liberia,LBR,2021,22.0
Libya,LBY,2000,20.0
Libya,LBY,2001,20.9
Libya,LBY,2002,21.2
Libya,LBY,2003,21.4
Libya,LBY,2004,20.9
Libya,LBY,2005,20.9
Libya,LBY,2006,20.1
Libya,LBY,2007,20.6
Libya,LBY,2008,20.7
Libya,LBY,2009,20.6
Libya,LBY,2010,20.0
Libya,LBY,2011,20.6
Libya,LBY,2012,19.5
Libya,LBY,2013,18.7
Libya,LBY,2014,19.9
Libya,LBY,2015,20.4
Libya,LBY,2016,20.9
Libya,LBY,2017,21.3
Libya,LBY,2018,21.4
Libya,LBY,2019,20.9
Libya,LBY,2020,20.7
Libya,LBY,2021,19.8
Saint Lucia,LCA,2000,20.5
Saint Lucia,LCA,2001,20.2
Saint Lucia,LCA,2002,19.4
Saint Lucia,LCA,2003,19.2
Saint Lucia,LCA,2004,19.0
Saint Lucia,LCA,2005,18.9
Saint Lucia,LCA,2006,18.6
Saint Lucia,LCA,2007,17.8
Saint Lucia,LCA,2008,17.5
Saint Lucia,LCA,2009,17.2
Saint Lucia,LCA,2010,16.9
Saint Lucia,LCA,2011,16.3
Saint Lucia,LCA,2012,16.5
Saint Lucia,LCA,2013,16.3
Saint Lucia,LCA,2014,16.2
Saint Lucia,LCA,2015,16.3
Saint Lucia,LCA,2016,16.5
Saint Lucia,LCA,2017,16.4
Saint Lucia,LCA,2018,16.3
Saint Lucia,LCA,2019,16.2
Saint Lucia,LCA,2020,16.4
Saint Lucia,LCA,2021,15.5
Sri Lanka,LKA,2000,22.5
Sri Lanka,LKA,2001,21.2
Sri Lanka,LKA,2002,20.5
Sri Lanka,LKA,2003,20.7
Sri Lanka,LKA,2004,20.1
Sri Lanka,LKA,2005,20.9
Sri Lanka,LKA,2006,20.1
Sri Lanka,LKA,2007,19.3
Sri Lanka,LKA,2008,19.2
Sri Lanka,LKA,2009,18.7
Sri Lanka,LKA,2010,18.2
Sri Lanka,LKA,2011,18.3
Sri Lanka,LKA,2012,17.6
Sri Lanka,LKA,2013,17.5
Sri Lanka,LKA,2014,17.2
Sri Lanka,LKA,2015,16.9
Sri Lanka,LKA,2016,16.4
Sri Lanka,LKA,2017,16.2
Sri Lanka,LKA,2018,16.0
Sri Lanka,LKA,2019,15.6
Sri Lanka,LKA,2020,12.0
Sri Lanka,LKA,2021,13.9
Lesotho,LSO,2000,23.6
Lesotho,LSO,2001,22.7
Lesotho,LSO,2002,23.6
Lesotho,LSO,2003,25.6
Lesotho,LSO,2004,26.3
Lesotho,LSO,2005,28.9
Lesotho,LSO,2006,30.4
Lesotho,LSO,2007,31.2
Lesotho,LSO,2008,29.7
Lesotho,LSO,2009,29.2
Lesotho,LSO,2010,34.5
Lesotho,LSO,2011,35.2
Lesotho,LSO,2012,31.4
Lesotho,LSO,2013,33.3
Lesotho,LSO,2014,36.5
Lesotho,LSO,2015,38.0
Lesotho,LSO,2016,38.0
Lesotho,LSO,2017,36.9
Lesotho,LSO,2018,36.9
Lesotho,LSO,2019,36.9
Lesotho,LSO,2020,37.5
Lesotho,LSO,2021,36.3
Lithuania,LTU,2000,24.2
Lithuania,LTU,2001,24.5
Lithuania,LTU,2002,24.6
Lithuania,LTU,2003,24.5
Lithuania,LTU,2004,24.9
Lithuania,LTU,2005,25.8
Lithuania,LTU,2006,26.5
Lithuania,LTU,2007,26.7
Lithuania,LTU,2008,25.2
Lithuania,LTU,2009,24.4
Lithuania,LTU,2010,23.7
Lithuania,LTU,2011,23.7
Lithuania,LTU,2012,22.9
Lithuania,LTU,2013,22.2
Lithuania,LTU,2014,21.4
Lithuania,LTU,2015,22.2
Lithuania,LTU,2016,21.4
Lithuania,LTU,2017,19.9
Lithuania,LTU,2018,19.9
Lithuania,LTU,2019,19.8
Lithuania,LTU,2020,20.7
Lithuania,LTU,2021,19.8
Luxembourg,LUX,2000,15.0
Luxembourg,LUX,2001,14.7
Luxembourg,LUX,2002,14.2
Luxembourg,LUX,2003,13.8
Luxembourg,LUX,2004,13.6
Luxembourg,LUX,2005,13.3
Luxembourg,LUX,2006,12.7
Luxembourg,LUX,2007,12.1
Luxembourg,LUX,2008,11.9
Luxembourg,LUX,2009,11.6
Luxembourg,LUX,2010,11.5
Luxembourg,LUX,2011,11.1
Luxembourg,LUX,2012,10.6
Luxembourg,LUX,2013,10.2
Luxembourg,LUX,2014,9.9
Luxembourg,LUX,2015,9.6
Luxembourg,LUX,2016,9.3
Luxembourg,LUX,2017,9.2
Luxembourg,LUX,2018,8.9
Luxembourg,LUX,2019,8.6
Luxembourg,LUX,2020,8.1
Luxembourg,LUX,2021,7.8
Latvia,LVA,2000,28.0
Latvia,LVA,2001,29.1
Latvia,LVA,2002,29.0
Latvia,LVA,2003,28.3
Latvia,LVA,2004,28.2
Latvia,LVA,2005,28.5
Latvia,LVA,2006,29.1
Latvia,LVA,2007,28.7
Latvia,LVA,2008,27.3
Latvia,LVA,2009,26.1
Latvia,LVA,2010,26.1
Latvia,LVA,2011,25.2
Latvia,LVA,2012,24.1
Latvia,LVA,2013,23.6
Latvia,LVA,2014,23.3
Latvia,LVA,2015,22.1
Latvia,LVA,2016,22.1
Latvia,LVA,2017,22.4
Latvia,LVA,2018,22.2
Latvia,LVA,2019,21.1
Latvia,LVA,2020,21.1
Latvia,LVA,2021,22.7
Morocco,MAR,2000,24.0
Morocco,MAR,2001,23.8
Morocco,MAR,2002,23.5
Morocco,MAR,2003,23.6
Morocco,MAR,2004,23.6
Morocco,MAR,2005,23.6
Morocco,MAR,2006,23.5
Morocco,MAR,2007,23.6
Morocco,MAR,2008,23.3
Morocco,MAR,2009,23.1
Morocco,MAR,2010,22.9
Morocco,MAR,2011,22.9
Morocco,MAR,2012,22.7
Morocco,MAR,2013,22.6
Morocco,MAR,2014,22.6
Morocco,MAR,2015,22.7
Morocco,MAR,2016,22.6
Morocco,MAR,2017,22.6
Morocco,MAR,2018,22.7
Morocco,MAR,2019,22.6
Morocco,MAR,2020,22.6
Morocco,MAR,2021,22.0
Moldova,MDA,2000,36.1
Moldova,MDA,2001,34.3
Moldova,MDA,2002,35.3
Moldova,MDA,2003,35.3
Moldova,MDA,2004,34.6
Moldova,MDA,2005,35.6
Moldova,MDA,2006,34.4
Moldova,MDA,2007,33.0
Moldova,MDA,2008,31.8
Moldova,MDA,2009,31.9
Moldova,MDA,2010,31.8
Moldova,MDA,2011,28.2
Moldova,MDA,2012,26.7
Moldova,MDA,2013,25.2
Moldova,MDA,2014,25.3
Moldova,MDA,2015,26.3
Moldova,MDA,2016,25.6
Moldova,MDA,2017,24.0
Moldova,MDA,2018,24.1
Moldova,MDA,2019,24.0
Moldova,MDA,2020,23.7
Moldova,MDA,2021,24.7
Madagascar,MDG,2000,29.4
Madagascar,MDG,2001,29.0
Madagascar,MDG,2002,29.5
Madagascar,MDG,2003,29.8
Madagascar,MDG,2004,29.8
Madagascar,MDG,2005,29.2
Madagascar,MDG,2006,28.8
Madagascar,MDG,2007,28.3
Madagascar,MDG,2008,28.0
Madagascar,MDG,2009,27.9
Madagascar,MDG,2010,27.8
Madagascar,MDG,2011,27.7
Madagascar,MDG,2012,27.2
Madagascar,MDG,2013,27.0
Madagascar,MDG,2014,27.2
Madagascar,MDG,2015,26.8
Madagascar,MDG,2016,26.9
Madagascar,MDG,2017,26.6
Madagascar,MDG,2018,26.5
Madagascar,MDG,2019,26.5
Madagascar,MDG,2020,27.0
Madagascar,MDG,2021,25.9
Maldives,MDV,2000,29.9
Maldives,MDV,2001,29.1
Maldives,MDV,2002,28.0
Maldives,MDV,2003,27.2
Maldives,MDV,2004,25.4
Maldives,MDV,2005,24.5
Maldives,MDV,2006,23.6
Maldives,MDV,2007,22.8
Maldives,MDV,2008,22.2
Maldives,MDV,2009,21.5
Maldives,MDV,2010,20.7
Maldives,MDV,2011,19.8
Maldives,MDV,2012,18.6
Maldives,MDV,2013,17.3
Maldives,MDV,2014,16.0
Maldives,MDV,2015,15.1
Maldives,MDV,2016,14.2
Maldives,MDV,2017,13.6
Maldives,MDV,2018,12.9
Maldives,MDV,2019,12.6
Maldives,MDV,2020,11.2
Maldives,MDV,2021,9.0
Mexico,MEX,2000,17.0
Mexico,MEX,2001,16.7
Mexico,MEX,2002,17.1
Mexico,MEX,2003,17.1
Mexico,MEX,2004,16.8
Mexico,MEX,2005,16.8
Mexico,MEX,2006,16.5
Mexico,MEX,2007,16.3
Mexico,MEX,2008,16.7
Mexico,MEX,2009,16.4
Mexico,MEX,2010,16.4
Mexico,MEX,2011,15.8
Mexico,MEX,2012,15.8
Mexico,MEX,2013,15.4
Mexico,MEX,2014,15.8
Mexico,MEX,2015,15.8
Mexico,MEX,2016,16.1
Mexico,MEX,2017,15.7
Mexico,MEX,2018,15.3
Mexico,MEX,2019,15.3
Mexico,MEX,2020,16.7
Mexico,MEX,2021,16.3
North Macedonia,MKD,2000,25.7
North Macedonia,MKD,2001,25.2
North Macedonia,MKD,2002,25.8
North Macedonia,MKD,2003,24.9
North Macedonia,MKD,2004,24.0
North Macedonia,MKD,2005,24.2
North Macedonia,MKD,2006,24.6
North Macedonia,MKD,2007,24.5
North Macedonia,MKD,2008,23.4
North Macedonia,MKD,2009,23.2
North Macedonia,MKD,2010,22.7
North Macedonia,MKD,2011,22.6
North Macedonia,MKD,2012,21.9
North Macedonia,MKD,2013,21.0
North Macedonia,MKD,2014,21.4
North Macedonia,MKD,2015,21.5
North Macedonia,MKD,2016,20.8
North Macedonia,MKD,2017,20.0
North Macedonia,MKD,2018,20.0
North Macedonia,MKD,2019,19.3
North Macedonia,MKD,2020,19.8
North Macedonia,MKD,2021,19.6
Mali,MLI,2000,25.8
Mali,MLI,2001,25.5
Mali,MLI,2002,25.4
Mali,MLI,2003,25.0
Mali,MLI,2004,24.7
Mali,MLI,2005,24.5
Mali,MLI,2006,24.5
Mali,MLI,2007,24.8
Mali,MLI,2008,25.1
Mali,MLI,2009,25.1
Mali,MLI,2010,24.9
Mali,MLI,2011,24.9
Mali,MLI,2012,25.1
Mali,MLI,2013,25.2
Mali,MLI,2014,25.3
Mali,MLI,2015,25.4
Mali,MLI,2016,25.1
Mali,MLI,2017,24.8
Mali,MLI,2018,24.6
Mali,MLI,2019,24.2
Mali,MLI,2020,24.2
Mali,MLI,2021,23.0
Malta,MLT,2000,15.7
Malta,MLT,2001,15.2
Malta,MLT,2002,14.4
Malta,MLT,2003,13.9
Malta,MLT,2004,13.4
Malta,MLT,2005,13.2
Malta,MLT,2006,13.0
Malta,MLT,2007,12.8
Malta,MLT,2008,12.4
Malta,MLT,2009,12.1
Malta,MLT,2010,11.8
Malta,MLT,2011,11.5
Malta,MLT,2012,11.1
Malta,MLT,2013,10.9
Malta,MLT,2014,10.8
Malta,MLT,2015,10.7
Malta,MLT,2016,10.6
Malta,MLT,2017,10.4
Malta,MLT,2018,10.1
Malta,MLT,2019,10.0
Malta,MLT,2020,9.7
Malta,MLT,2021,9.8
Myanmar,MMR,2000,33.1
Myanmar,MMR,2001,32.8
Myanmar,MMR,2002,32.7
Myanmar,MMR,2003,32.6
Myanmar,MMR,2004,32.7
Myanmar,MMR,2005,32.2
Myanmar,MMR,2006,31.8
Myanmar,MMR,2007,30.8
Myanmar,MMR,2008,30.1
Myanmar,MMR,2009,29.0
Myanmar,MMR,2010,28.3
Myanmar,MMR,2011,27.5
Myanmar,MMR,2012,27.1
Myanmar,MMR,2013,26.5
Myanmar,MMR,2014,26.2
Myanmar,MMR,2015,26.2
Myanmar,MMR,2016,25.9
Myanmar,MMR,2017,25.5
Myanmar,MMR,2018,25.7
Myanmar,MMR,2019,25.6
Myanmar,MMR,2020,25.8
Myanmar,MMR,2021,24.0
Montenegro,MNE,2000,25.8
Montenegro,MNE,2001,25.8
Montenegro,MNE,2002,25.9
Montenegro,MNE,2003,25.7
Montenegro,MNE,2004,25.5
Montenegro,MNE,2005,25.0
Montenegro,MNE,2006,24.4
Montenegro,MNE,2007,23.6
Montenegro,MNE,2008,23.1
Montenegro,MNE,2009,22.5
Montenegro,MNE,2010,22.1
Montenegro,MNE,2011,21.7
Montenegro,MNE,2012,21.3
Montenegro,MNE,2013,20.9
Montenegro,MNE,2014,20.8
Montenegro,MNE,2015,20.6
Montenegro,MNE,2016,20.4
Montenegro,MNE,2017,20.5
Montenegro,MNE,2018,20.4
Montenegro,MNE,2019,20.9
Montenegro,MNE,2020,21.4
Montenegro,MNE,2021,18.0
Mongolia,MNG,2000,40.0
Mongolia,MNG,2001,40.2
Mongolia,MNG,2002,39.8
Mongolia,MNG,2003,39.5
Mongolia,MNG,2004,38.9
Mongolia,MNG,2005,38.3
Mongolia,MNG,2006,37.2
Mongolia,MNG,2007,36.0
Mongolia,MNG,2008,34.9
Mongolia,MNG,2009,36.1
Mongolia,MNG,2010,35.9
Mongolia,MNG,2011,34.5
Mongolia,MNG,2012,33.1
Mongolia,MNG,2013,32.4
Mongolia,MNG,2014,31.6
Mongolia,MNG,2015,31.0
Mongolia,MNG,2016,30.4
Mongolia,MNG,2017,29.6
Mongolia,MNG,2018,29.2
Mongolia,MNG,2019,28.7
Mongolia,MNG,2020,24.5
Mongolia,MNG,2021,26.3
Mozambique,MOZ,2000,21.9
Mozambique,MOZ,2001,21.2
Mozambique,MOZ,2002,21.2
Mozambique,MOZ,2003,20.9
Mozambique,MOZ,2004,21.0
Mozambique,MOZ,2005,21.3
Mozambique,MOZ,2006,22.7
Mozambique,MOZ,2007,25.5
Mozambique,MOZ,2008,26.3
Mozambique,MOZ,2009,27.1
Mozambique,MOZ,2010,27.9
Mozambique,MOZ,2011,28.1
Mozambique,MOZ,2012,28.0
Mozambique,MOZ,2013,28.7
Mozambique,MOZ,2014,29.7
Mozambique,MOZ,2015,29.6
Mozambique,MOZ,2016,30.2
Mozambique,MOZ,2017,30.3
Mozambique,MOZ,2018,29.8
Mozambique,MOZ,2019,28.7
Mozambique,MOZ,2020,28.8
Mozambique,MOZ,2021,26.6
Mauritania,MRT,2000,20.8
Mauritania,MRT,2001,20.4
Mauritania,MRT,2002,20.0
Mauritania,MRT,2003,19.6
Mauritania,MRT,2004,19.6
Mauritania,MRT,2005,18.7
Mauritania,MRT,2006,18.7
Mauritania,MRT,2007,18.7
Mauritania,MRT,2008,18.3
Mauritania,MRT,2009,18.3
Mauritania,MRT,2010,18.1
Mauritania,MRT,2011,17.8
Mauritania,MRT,2012,18.3
Mauritania,MRT,2013,18.0
Mauritania,MRT,2014,18.1
Mauritania,MRT,2015,18.1
Mauritania,MRT,2016,18.1
Mauritania,MRT,2017,18.3
Mauritania,MRT,2018,18.3
Mauritania,MRT,2019,18.4
Mauritania,MRT,2020,18.8
Mauritania,MRT,2021,18.7
Mauritius,MUS,2000,29.2
Mauritius,MUS,2001,29.0
Mauritius,MUS,2002,28.9
Mauritius,MUS,2003,28.4
Mauritius,MUS,2004,28.4
Mauritius,MUS,2005,27.7
Mauritius,MUS,2006,26.6
Mauritius,MUS,2007,26.7
Mauritius,MUS,2008,25.7
Mauritius,MUS,2009,25.0
Mauritius,MUS,2010,24.3
Mauritius,MUS,2011,23.9
Mauritius,MUS,2012,24.0
Mauritius,MUS,2013,23.4
Mauritius,MUS,2014,23.2
Mauritius,MUS,2015,23.4
Mauritius,MUS,2016,22.9
Mauritius,MUS,2017,22.9
Mauritius,MUS,2018,23.0
Mauritius,MUS,2019,22.8
Mauritius,MUS,2020,22.8
Mauritius,MUS,2021,21.7
Malawi,MWI,2000,27.3
Malawi,MWI,2001,26.5
Malawi,MWI,2002,26.0
Malawi,MWI,2003,26.4
Malawi,MWI,2004,26.5
Malawi,MWI,2005,25.3
Malawi,MWI,2006,26.9
Malawi,MWI,2007,26.2
Malawi,MWI,2008,24.8
Malawi,MWI,2009,24.6
Malawi,MWI,2010,24.2
Malawi,MWI,2011,24.3
Malawi,MWI,2012,24.4
Malawi,MWI,2013,24.0
Malawi,MWI,2014,24.2
Malawi,MWI,2015,24.6
Malawi,MWI,2016,25.1
Malawi,MWI,2017,25.8
Malawi,MWI,2018,26.0
Malawi,MWI,2019,26.1
Malawi,MWI,2020,26.1
Malawi,MWI,2021,24.9
Malaysia,MYS,2000,22.3
Malaysia,MYS,2001,21.3
Malaysia,MYS,2002,20.9
Malaysia,MYS,2003,21.1
Malaysia,MYS,2004,20.6
Malaysia,MYS,2005,20.0
Malaysia,MYS,2006,19.6
Malaysia,MYS,2007,19.3
Malaysia,MYS,2008,19.5
Malaysia,MYS,2009,19.4
Malaysia,MYS,2010,19.2
Malaysia,MYS,2011,19.0
Malaysia,MYS,2012,18.3
Malaysia,MYS,2013,17.9
Malaysia,MYS,2014,18.1
Malaysia,MYS,2015,19.4
Malaysia,MYS,2016,19.6
Malaysia,MYS,2017,19.8
Malaysia,MYS,2018,19.9
Malaysia,MYS,2019,19.7
Malaysia,MYS,2020,17.4
Malaysia,MYS,2021,19.9
Namibia,NAM,2000,25.7
Namibia,NAM,2001,25.7
Namibia,NAM,2002,26.2
Namibia,NAM,2003,26.3
Namibia,NAM,2004,25.9
Namibia,NAM,2005,25.3
Namibia,NAM,2006,24.2
Namibia,NAM,2007,23.4
Namibia,NAM,2008,23.1
Namibia,NAM,2009,24.2
Namibia,NAM,2010,23.9
Namibia,NAM,2011,22.5
Namibia,NAM,2012,22.1
Namibia,NAM,2013,22.1
Namibia,NAM,2014,22.8
Namibia,NAM,2015,23.7
Namibia,NAM,2016,23.4
Namibia,NAM,2017,23.2
Namibia,NAM,2018,23.1
Namibia,NAM,2019,22.8
Namibia,NAM,2020,23.6
Namibia,NAM,2021,23.1
Niger,NER,2000,20.8
Niger,NER,2001,21.0
Niger,NER,2002,20.5
Niger,NER,2003,20.7
Niger,NER,2004,20.2
Niger,NER,2005,20.4
Niger,NER,2006,20.1
Niger,NER,2007,20.0
Niger,NER,2008,19.4
Niger,NER,2009,19.7
Niger,NER,2010,19.8
Niger,NER,2011,20.2
Niger,NER,2012,20.6
Niger,NER,2013,20.8
Niger,NER,2014,20.9
Niger,NER,2015,20.9
Niger,NER,2016,20.8
Niger,NER,2017,20.7
Niger,NER,2018,20.7
Niger,NER,2019,20.6
Niger,NER,2020,20.6
Niger,NER,2021,20.2
Nigeria,NGA,2000,20.9
Nigeria,NGA,2001,21.1
Nigeria,NGA,2002,20.7
Nigeria,NGA,2003,20.2
Nigeria,NGA,2004,20.0
Nigeria,NGA,2005,19.4
Nigeria,NGA,2006,19.2
Nigeria,NGA,2007,18.9
Nigeria,NGA,2008,18.6
Nigeria,NGA,2009,18.6
Nigeria,NGA,2010,18.3
Nigeria,NGA,2011,18.1
Nigeria,NGA,2012,18.0
Nigeria,NGA,2013,17.9
Nigeria,NGA,2014,17.6
Nigeria,NGA,2015,17.4
Nigeria,NGA,2016,17.3
Nigeria,NGA,2017,17.1
Nigeria,NGA,2018,17.1
Nigeria,NGA,2019,17.1
Nigeria,NGA,2020,17.9
Nigeria,NGA,2021,17.7
Nicaragua,NIC,2000,13.4
Nicaragua,NIC,2001,13.7
Nicaragua,NIC,2002,14.4
Nicaragua,NIC,2003,14.3
Nicaragua,NIC,2004,14.3
Nicaragua,NIC,2005,14.8
Nicaragua,NIC,2006,13.1
Nicaragua,NIC,2007,14.0
Nicaragua,NIC,2008,14.4
Nicaragua,NIC,2009,14.1
Nicaragua,NIC,2010,13.6
Nicaragua,NIC,2011,14.0
Nicaragua,NIC,2012,14.2
Nicaragua,NIC,2013,13.9
Nicaragua,NIC,2014,14.0
Nicaragua,NIC,2015,12.9
Nicaragua,NIC,2016,13.6
Nicaragua,NIC,2017,13.2
Nicaragua,NIC,2018,13.1
Nicaragua,NIC,2019,12.8
Nicaragua,NIC,2020,12.4
Nicaragua,NIC,2021,12.6
Netherlands,NLD,2000,16.4
Netherlands,NLD,2001,15.9
Netherlands,NLD,2002,15.7
Netherlands,NLD,2003,15.1
Netherlands,NLD,2004,14.5
Netherlands,NLD,2005,14.0
Netherlands,NLD,2006,13.5
Netherlands,NLD,2007,13.2
Netherlands,NLD,2008,13.0
Netherlands,NLD,2009,12.6
Netherlands,NLD,2010,12.6
Netherlands,NLD,2011,12.1
Netherlands,NLD,2012,12.0
Netherlands,NLD,2013,11.6
Netherlands,NLD,2014,11.1
Netherlands,NLD,2015,11.2
Netherlands,NLD,2016,11.1
Netherlands,NLD,2017,10.6
Netherlands,NLD,2018,10.3
Netherlands,NLD,2019,10.0
Netherlands,NLD,2020,9.6
Netherlands,NLD,2021,9.9
Norway,NOR,2000,14.3
Norway,NOR,2001,14.0
Norway,NOR,2002,13.9
Norway,NOR,2003,13.1
Norway,NOR,2004,12.7
Norway,NOR,2005,12.3
Norway,NOR,2006,12.0
Norway,NOR,2007,12.0
Norway,NOR,2008,11.7
Norway,NOR,2009,11.3
Norway,NOR,2010,11.2
Norway,NOR,2011,10.8
Norway,NOR,2012,10.6
Norway,NOR,2013,10.5
Norway,NOR,2014,9.9
Norway,NOR,2015,9.5
Norway,NOR,2016,9.4
Norway,NOR,2017,9.1
Norway,NOR,2018,8.7
Norway,NOR,2019,8.3
Norway,NOR,2020,8.0
Norway,NOR,2021,7.8
Nepal,NPL,2000,19.6
Nepal,NPL,2001,19.0
Nepal,NPL,2002,18.5
Nepal,NPL,2003,18.4
Nepal,NPL,2004,18.2
Nepal,NPL,2005,18.2
Nepal,NPL,2006,18.3
Nepal,NPL,2007,18.6
Nepal,NPL,2008,18.9
Nepal,NPL,2009,19.2
Nepal,NPL,2010,19.1
Nepal,NPL,2011,19.6
Nepal,NPL,2012,20.1
Nepal,NPL,2013,20.3
Nepal,NPL,2014,20.6
Nepal,NPL,2015,20.7
Nepal,NPL,2016,20.5
Nepal,NPL,2017,20.4
Nepal,NPL,2018,20.5
Nepal,NPL,2019,20.4
Nepal,NPL,2020,20.4
Nepal,NPL,2021,19.4
New Zealand,NZL,2000,15.9
New Zealand,NZL,2001,15.8
New Zealand,NZL,2002,15.2
New Zealand,NZL,2003,14.6
New Zealand,NZL,2004,14.3
New Zealand,NZL,2005,13.3
New Zealand,NZL,2006,13.1
New Zealand,NZL,2007,13.0
New Zealand,NZL,2008,12.3
New Zealand,NZL,2009,12.0
New Zealand,NZL,2010,11.8
New Zealand,NZL,2011,11.9
New Zealand,NZL,2012,11.4
New Zealand,NZL,2013,11.0
New Zealand,NZL,2014,10.9
New Zealand,NZL,2015,10.9
New Zealand,NZL,2016,10.8
New Zealand,NZL,2017,11.0
New Zealand,NZL,2018,10.5
New Zealand,NZL,2019,10.4
New Zealand,NZL,2020,10.0
New Zealand,NZL,2021,10.3
Oman,OMN,2000,30.0
Oman,OMN,2001,29.4
Oman,OMN,2002,28.9
Oman,OMN,2003,28.4
Oman,OMN,2004,28.1
Oman,OMN,2005,27.8
Oman,OMN,2006,27.4
Oman,OMN,2007,26.3
Oman,OMN,2008,26.3
Oman,OMN,2009,24.9
Oman,OMN,2010,26.9
Oman,OMN,2011,25.5
Oman,OMN,2012,23.7
Oman,OMN,2013,22.5
Oman,OMN,2014,22.8
Oman,OMN,2015,22.3
Oman,OMN,2016,21.9
Oman,OMN,2017,21.3
Oman,OMN,2018,20.6
Oman,OMN,2019,20.3
Oman,OMN,2020,17.7
Oman,OMN,2021,14.6
World,OWID_WRL,2000,22.56
World,OWID_WRL,2001,22.28
World,OWID_WRL,2002,22.15
World,OWID_WRL,2003,22.01
World,OWID_WRL,2004,21.64
World,OWID_WRL,2005,21.32
World,OWID_WRL,2006,20.82
World,OWID_WRL,2007,20.47
World,OWID_WRL,2008,20.32
World,OWID_WRL,2009,20.07
World,OWID_WRL,2010,19.96
World,OWID_WRL,2011,19.71
World,OWID_WRL,2012,19.49
World,OWID_WRL,2013,19.1
World,OWID_WRL,2014,18.9
World,OWID_WRL,2015,18.86
World,OWID_WRL,2016,18.78
World,OWID_WRL,2017,18.6
World,OWID_WRL,2018,18.6
World,OWID_WRL,2019,18.48
World,OWID_WRL,2020,18.31
World,OWID_WRL,2021,18.29
Pakistan,PAK,2000,30.1
Pakistan,PAK,2001,30.1
Pakistan,PAK,2002,30.1
Pakistan,PAK,2003,30.2
Pakistan,PAK,2004,29.9
Pakistan,PAK,2005,29.7
Pakistan,PAK,2006,29.3
Pakistan,PAK,2007,28.9
Pakistan,PAK,2008,28.6
Pakistan,PAK,2009,28.4
Pakistan,PAK,2010,28.1
Pakistan,PAK,2011,27.9
Pakistan,PAK,2012,27.7
Pakistan,PAK,2013,27.7
Pakistan,PAK,2014,27.5
Pakistan,PAK,2015,27.3
Pakistan,PAK,2016,27.1
Pakistan,PAK,2017,26.9
Pakistan,PAK,2018,26.5
Pakistan,PAK,2019,26.3
Pakistan,PAK,2020,26.5
Pakistan,PAK,2021,25.5
Panama,PAN,2000,12.7
Panama,PAN,2001,12.4
Panama,PAN,2002,12.7
Panama,PAN,2003,12.6
Panama,PAN,2004,12.5
Panama,PAN,2005,12.3
Panama,PAN,2006,12.3
Panama,PAN,2007,11.7
Panama,PAN,2008,11.6
Panama,PAN,2009,11.7
Panama,PAN,2010,11.5
Panama,PAN,2011,11.6
Panama,PAN,2012,11.9
Panama,PAN,2013,11.6
Panama,PAN,2014,11.7
Panama,PAN,2015,11.5
Panama,PAN,2016,10.9
Panama,PAN,2017,11.2
Panama,PAN,2018,11.1
Panama,PAN,2019,11.1
Panama,PAN,2020,10.1
Panama,PAN,2021,10.9
Peru,PER,2000,11.0
Peru,PER,2001,9.3
Peru,PER,2002,9.6
Peru,PER,2003,9.5
Peru,PER,2004,9.4
Peru,PER,2005,9.4
Peru,PER,2006,9.2
Peru,PER,2007,8.7
Peru,PER,2008,8.7
Peru,PER,2009,9.5
Peru,PER,2010,9.7
Peru,PER,2011,9.6
Peru,PER,2012,9.2
Peru,PER,2013,8.9
Peru,PER,2014,9.0
Peru,PER,2015,8.6
Peru,PER,2016,8.3
Peru,PER,2017,8.9
Peru,PER,2018,9.7
Peru,PER,2019,10.7
Peru,PER,2020,12.1
Peru,PER,2021,12.3
Philippines,PHL,2000,21.2
Philippines,PHL,2001,22.2
Philippines,PHL,2002,22.7
Philippines,PHL,2003,22.8
Philippines,PHL,2004,23.3
Philippines,PHL,2005,23.6
Philippines,PHL,2006,24.6
Philippines,PHL,2007,24.6
Philippines,PHL,2008,24.7
Philippines,PHL,2009,25.2
Philippines,PHL,2010,25.0
Philippines,PHL,2011,25.0
Philippines,PHL,2012,25.2
Philippines,PHL,2013,25.0
Philippines,PHL,2014,25.5
Philippines,PHL,2015,25.3
Philippines,PHL,2016,26.1
Philippines,PHL,2017,24.9
Philippines,PHL,2018,25.0
Philippines,PHL,2019,25.3
Philippines,PHL,2020,24.9
Philippines,PHL,2021,31.9
Papua New Guinea,PNG,2000,30.4
Papua New Guinea,PNG,2001,31.1
Papua New Guinea,PNG,2002,30.5
Papua New Guinea,PNG,2003,30.5
Papua New Guinea,PNG,2004,30.3
Papua New Guinea,PNG,2005,30.4
Papua New Guinea,PNG,2006,30.5
Papua New Guinea,PNG,2007,30.7
Papua New Guinea,PNG,2008,30.1
Papua New Guinea,PNG,2009,29.2
Papua New Guinea,PNG,2010,29.5
Papua New Guinea,PNG,2011,29.6
Papua New Guinea,PNG,2012,30.3
Papua New Guinea,PNG,2013,30.2
Papua New Guinea,PNG,2014,30.9
Papua New Guinea,PNG,2015,30.9
Papua New Guinea,PNG,2016,30.7
Papua New Guinea,PNG,2017,30.1
Papua New Guinea,PNG,2018,30.2
Papua New Guinea,PNG,2019,30.7
Papua New Guinea,PNG,2020,30.3
Papua New Guinea,PNG,2021,28.5
Poland,POL,2000,25.0
Poland,POL,2001,24.4
Poland,POL,2002,23.5
Poland,POL,2003,23.2
Poland,POL,2004,22.9
Poland,POL,2005,22.5
Poland,POL,2006,22.4
Poland,POL,2007,22.2
Poland,POL,2008,21.6
Poland,POL,2009,21.5
Poland,POL,2010,20.6
Poland,POL,2011,20.0
Poland,POL,2012,20.2
Poland,POL,2013,19.8
Poland,POL,2014,19.1
Poland,POL,2015,19.5
Poland,POL,2016,18.6
Poland,POL,2017,18.2
Poland,POL,2018,18.2
Poland,POL,2019,17.7
Poland,POL,2020,17.7
Poland,POL,2021,17.0
Puerto Rico,PRI,2000,15.2
Puerto Rico,PRI,2001,15.3
Puerto Rico,PRI,2002,14.3
Puerto Rico,PRI,2003,14.0
Puerto Rico,PRI,2004,13.8
Puerto Rico,PRI,2005,13.6
Puerto Rico,PRI,2006,13.3
Puerto Rico,PRI,2007,13.1
Puerto Rico,PRI,2008,12.7
Puerto Rico,PRI,2009,12.8
Puerto Rico,PRI,2010,12.1
Puerto Rico,PRI,2011,12.4
Puerto Rico,PRI,2012,11.6
Puerto Rico,PRI,2013,11.8
Puerto Rico,PRI,2014,11.4
Puerto Rico,PRI,2015,11.2
Puerto Rico,PRI,2016,11.3
Puerto Rico,PRI,2017,11.8
Puerto Rico,PRI,2018,10.6
Puerto Rico,PRI,2019,10.7
Puerto Rico,PRI,2020,10.7
Puerto Rico,PRI,2021,10.1
North Korea,PRK,2000,23.8
North Korea,PRK,2001,23.7
North Korea,PRK,2002,24.3
North Korea,PRK,2003,24.2
North Korea,PRK,2004,24.2
North Korea,PRK,2005,24.2
North Korea,PRK,2006,24.1
North Korea,PRK,2007,25.1
North Korea,PRK,2008,26.0
North Korea,PRK,2009,26.3
North Korea,PRK,2010,26.7
North Korea,PRK,2011,26.9
North Korea,PRK,2012,26.7
North Korea,PRK,2013,26.8
North Korea,PRK,2014,26.8
North Korea,PRK,2015,27.0
North Korea,PRK,2016,26.5
North Korea,PRK,2017,25.5
North Korea,PRK,2018,24.6
North Korea,PRK,2019,24.6
North Korea,PRK,2020,24.3
North Korea,PRK,2021,23.7
Portugal,PRT,2000,15.8
Portugal,PRT,2001,15.5
Portugal,PRT,2002,15.0
Portugal,PRT,2003,14.8
Portugal,PRT,2004,14.0
Portugal,PRT,2005,14.2
Portugal,PRT,2006,13.5
Portugal,PRT,2007,13.1
Portugal,PRT,2008,12.8
Portugal,PRT,2009,12.6
Portugal,PRT,2010,12.4
Portugal,PRT,2011,12.2
Portugal,PRT,2012,12.1
Portugal,PRT,2013,11.8
Portugal,PRT,2014,11.5
Portugal,PRT,2015,11.5
Portugal,PRT,2016,11.5
Portugal,PRT,2017,11.4
Portugal,PRT,2018,11.4
Portugal,PRT,2019,11.2
Portugal,PRT,2020,10.7
Portugal,PRT,2021,10.5
Paraguay,PRY,2000,17.5
Paraguay,PRY,2001,16.8
Paraguay,PRY,2002,16.9
Paraguay,PRY,2003,17.4
Paraguay,PRY,2004,17.9
Paraguay,PRY,2005,17.8
Paraguay,PRY,2006,18.0
Paraguay,PRY,2007,18.1
Paraguay,PRY,2008,17.6
Paraguay,PRY,2009,17.9
Paraguay,PRY,2010,18.0
Paraguay,PRY,2011,17.2
Paraguay,PRY,2012,17.0
Paraguay,PRY,2013,16.8
Paraguay,PRY,2014,16.4
Paraguay,PRY,2015,16.6
Paraguay,PRY,2016,16.7
Paraguay,PRY,2017,16.4
Paraguay,PRY,2018,16.5
Paraguay,PRY,2019,16.5
Paraguay,PRY,2020,15.5
Paraguay,PRY,2021,16.1
Palestine,PSE,2000,25.2
Palestine,PSE,2001,25.2
Palestine,PSE,2002,25.4
Palestine,PSE,2003,25.0
Palestine,PSE,2004,24.9
Palestine,PSE,2005,24.6
Palestine,PSE,2006,24.4
Palestine,PSE,2007,24.2
Palestine,PSE,2008,23.6
Palestine,PSE,2009,23.2
Palestine,PSE,2010,23.0
Palestine,PSE,2011,23.2
Palestine,PSE,2012,22.4
Palestine,PSE,2013,21.0
Palestine,PSE,2014,20.3
Palestine,PSE,2015,20.4
Palestine,PSE,2016,19.6
Palestine,PSE,2017,18.8
Palestine,PSE,2018,18.3
Palestine,PSE,2019,18.5
Palestine,PSE,2020,18.1
Palestine,PSE,2021,18.3
Qatar,QAT,2000,28.8
Qatar,QAT,2001,28.6
Qatar,QAT,2002,28.8
Qatar,QAT,2003,28.4
Qatar,QAT,2004,27.5
Qatar,QAT,2005,26.7
Qatar,QAT,2006,25.1
Qatar,QAT,2007,24.0
Qatar,QAT,2008,22.7
Qatar,QAT,2009,21.4
Qatar,QAT,2010,20.0
Qatar,QAT,2011,18.6
Qatar,QAT,2012,17.5
Qatar,QAT,2013,16.4
Qatar,QAT,2014,15.5
Qatar,QAT,2015,14.6
Qatar,QAT,2016,14.1
Qatar,QAT,2017,13.7
Qatar,QAT,2018,13.4
Qatar,QAT,2019,12.9
Qatar,QAT,2020,12.0
Qatar,QAT,2021,12.1
Romania,ROU,2000,26.4
Romania,ROU,2001,26.6
Romania,ROU,2002,27.2
Romania,ROU,2003,26.7
Romania,ROU,2004,25.7
Romania,ROU,2005,25.5
Romania,ROU,2006,24.8
Romania,ROU,2007,24.1
Romania,ROU,2008,23.7
Romania,ROU,2009,23.7
Romania,ROU,2010,23.1
Romania,ROU,2011,22.1
Romania,ROU,2012,22.0
Romania,ROU,2013,21.4
Romania,ROU,2014,21.6
Romania,ROU,2015,21.6
Romania,ROU,2016,21.7
Romania,ROU,2017,21.6
Romania,ROU,2018,21.8
Romania,ROU,2019,21.1
Romania,ROU,2020,21.5
Romania,ROU,2021,21.5
Russia,RUS,2000,36.9
Russia,RUS,2001,37.3
Russia,RUS,2002,38.1
Russia,RUS,2003,38.1
Russia,RUS,2004,37.2
Russia,RUS,2005,37.3
Russia,RUS,2006,34.6
Russia,RUS,2007,32.9
Russia,RUS,2008,32.8
Russia,RUS,2009,31.5
Russia,RUS,2010,30.9
Russia,RUS,2011,29.0
Russia,RUS,2012,27.6
Russia,RUS,2013,26.6
Russia,RUS,2014,28.0
Russia,RUS,2015,26.0
Russia,RUS,2016,26.1
Russia,RUS,2017,24.9
Russia,RUS,2018,25.0
Russia,RUS,2019,24.0
Russia,RUS,2020,22.0
Russia,RUS,2021,22.4
Rwanda,RWA,2000,37.6
Rwanda,RWA,2001,34.7
Rwanda,RWA,2002,31.8
Rwanda,RWA,2003,29.1
Rwanda,RWA,2004,26.9
Rwanda,RWA,2005,25.1
Rwanda,RWA,2006,23.9
Rwanda,RWA,2007,23.0
Rwanda,RWA,2008,22.3
Rwanda,RWA,2009,21.6
Rwanda,RWA,2010,21.2
Rwanda,RWA,2011,20.9
Rwanda,RWA,2012,20.8
Rwanda,RWA,2013,20.6
Rwanda,RWA,2014,20.6
Rwanda,RWA,2015,20.6
Rwanda,RWA,2016,20.5
Rwanda,RWA,2017,20.5
Rwanda,RWA,2018,20.4
Rwanda,RWA,2019,20.4
Rwanda,RWA,2020,20.2
Rwanda,RWA,2021,20.0
Saudi Arabia,SAU,2000,19.5
Saudi Arabia,SAU,2001,19.2
Saudi Arabia,SAU,2002,18.9
Saudi Arabia,SAU,2003,18.7
Saudi Arabia,SAU,2004,18.6
Saudi Arabia,SAU,2005,18.5
Saudi Arabia,SAU,2006,18.7
Saudi Arabia,SAU,2007,18.7
Saudi Arabia,SAU,2008,18.1
Saudi Arabia,SAU,2009,17.1
Saudi Arabia,SAU,2010,15.9
Saudi Arabia,SAU,2011,14.1
Saudi Arabia,SAU,2012,12.9
Saudi Arabia,SAU,2013,12.5
Saudi Arabia,SAU,2014,12.7
Saudi Arabia,SAU,2015,12.9
Saudi Arabia,SAU,2016,13.1
Saudi Arabia,SAU,2017,13.8
Saudi Arabia,SAU,2018,14.2
Saudi Arabia,SAU,2019,14.3
Saudi Arabia,SAU,2020,13.5
Saudi Arabia,SAU,2021,13.6
Sudan,SDN,2000,26.7
Sudan,SDN,2001,26.3
Sudan,SDN,2002,26.0
Sudan,SDN,2003,25.5
Sudan,SDN,2004,25.0
Sudan,SDN,2005,24.6
Sudan,SDN,2006,24.2
Sudan,SDN,2007,24.0
Sudan,SDN,2008,24.0
Sudan,SDN,2009,23.7
Sudan,SDN,2010,23.2
Sudan,SDN,2011,23.7
Sudan,SDN,2012,23.4
Sudan,SDN,2013,23.3
Sudan,SDN,2014,23.1
Sudan,SDN,2015,22.9
Sudan,SDN,2016,22.8
Sudan,SDN,2017,22.7
Sudan,SDN,2018,22.8
Sudan,SDN,2019,22.4
Sudan,SDN,2020,22.6
Sudan,SDN,2021,21.2
Senegal,SEN,2000,24.5
Senegal,SEN,2001,24.5
Senegal,SEN,2002,24.2
Senegal,SEN,2003,24.0
Senegal,SEN,2004,23.7
Senegal,SEN,2005,23.3
Senegal,SEN,2006,22.8
Senegal,SEN,2007,22.8
Senegal,SEN,2008,23.5
Senegal,SEN,2009,23.5
Senegal,SEN,2010,23.0
Senegal,SEN,2011,22.8
Senegal,SEN,2012,22.9
Senegal,SEN,2013,23.0
Senegal,SEN,2014,23.3
Senegal,SEN,2015,22.8
Senegal,SEN,2016,22.8
Senegal,SEN,2017,22.6
Senegal,SEN,2018,22.3
Senegal,SEN,2019,22.4
Senegal,SEN,2020,22.4
Senegal,SEN,2021,21.4
Singapore,SGP,2000,16.5
Singapore,SGP,2001,16.1
Singapore,SGP,2002,15.3
Singapore,SGP,2003,14.2
Singapore,SGP,2004,13.5
Singapore,SGP,2005,13.1
Singapore,SGP,2006,12.5
Singapore,SGP,2007,12.5
Singapore,SGP,2008,12.4
Singapore,SGP,2009,11.3
Singapore,SGP,2010,11.0
Singapore,SGP,2011,10.9
Singapore,SGP,2012,10.7
Singapore,SGP,2013,10.2
Singapore,SGP,2014,9.8
Singapore,SGP,2015,9.8
Singapore,SGP,2016,9.6
Singapore,SGP,2017,9.4
Singapore,SGP,2018,9.0
Singapore,SGP,2019,8.6
Singapore,SGP,2020,8.9
Singapore,SGP,2021,10.3
Solomon Islands,SLB,2000,34.3
Solomon Islands,SLB,2001,33.9
Solomon Islands,SLB,2002,34.0
Solomon Islands,SLB,2003,35.1
Solomon Islands,SLB,2004,31.4
Solomon Islands,SLB,2005,33.7
Solomon Islands,SLB,2006,33.4
Solomon Islands,SLB,2007,37.6
Solomon Islands,SLB,2008,39.5
Solomon Islands,SLB,2009,39.5
Solomon Islands,SLB,2010,39.2
Solomon Islands,SLB,2011,39.3
Solomon Islands,SLB,2012,39.3
Solomon Islands,SLB,2013,39.1
Solomon Islands,SLB,2014,39.2
Solomon Islands,SLB,2015,39.0
Solomon Islands,SLB,2016,38.6
Solomon Islands,SLB,2017,38.4
Solomon Islands,SLB,2018,38.5
Solomon Islands,SLB,2019,38.2
Solomon Islands,SLB,2020,39.9
Solomon Islands,SLB,2021,40.6
Sierra Leone,SLE,2000,24.3
Sierra Leone,SLE,2001,25.1
Sierra Leone,SLE,2002,25.7
Sierra Leone,SLE,2003,25.9
Sierra Leone,SLE,2004,26.2
Sierra Leone,SLE,2005,26.4
Sierra Leone,SLE,2006,26.3
Sierra Leone,SLE,2007,26.9
Sierra Leone,SLE,2008,27.0
Sierra Leone,SLE,2009,26.9
Sierra Leone,SLE,2010,26.8
Sierra Leone,SLE,2011,26.4
Sierra Leone,SLE,2012,26.0
Sierra Leone,SLE,2013,25.2
Sierra Leone,SLE,2014,24.6
Sierra Leone,SLE,2015,24.4
Sierra Leone,SLE,2016,24.7
Sierra Leone,SLE,2017,24.7
Sierra Leone,SLE,2018,24.6
Sierra Leone,SLE,2019,24.3
Sierra Leone,SLE,2020,23.7
Sierra Leone,SLE,2021,23.9
El Salvador,SLV,2000,12.7
El Salvador,SLV,2001,12.5
El Salvador,SLV,2002,11.7
El Salvador,SLV,2003,12.2
El Salvador,SLV,2004,12.0
El Salvador,SLV,2005,12.1
El Salvador,SLV,2006,12.4
El Salvador,SLV,2007,12.2
El Salvador,SLV,2008,12.0
El Salvador,SLV,2009,12.3
El Salvador,SLV,2010,11.9
El Salvador,SLV,2011,12.2
El Salvador,SLV,2012,11.9
El Salvador,SLV,2013,12.4
El Salvador,SLV,2014,12.9
El Salvador,SLV,2015,13.0
El Salvador,SLV,2016,13.0
El Salvador,SLV,2017,13.5
El Salvador,SLV,2018,12.8
El Salvador,SLV,2019,13.0
El Salvador,SLV,2020,13.1
El Salvador,SLV,2021,12.6
Somalia,SOM,2000,33.4
Somalia,SOM,2001,33.0
Somalia,SOM,2002,32.6
Somalia,SOM,2003,32.3
Somalia,SOM,2004,32.3
Somalia,SOM,2005,32.0
Somalia,SOM,2006,31.6
Somalia,SOM,2007,31.4
Somalia,SOM,2008,31.6
Somalia,SOM,2009,31.4
Somalia,SOM,2010,30.7
Somalia,SOM,2011,29.6
Somalia,SOM,2012,30.2
Somalia,SOM,2013,30.5
Somalia,SOM,2014,30.2
Somalia,SOM,2015,30.0
Somalia,SOM,2016,29.8
Somalia,SOM,2017,29.7
Somalia,SOM,2018,29.4
Somalia,SOM,2019,29.2
Somalia,SOM,2020,29.3
Somalia,SOM,2021,27.6
Serbia,SRB,2000,29.3
Serbia,SRB,2001,27.9
Serbia,SRB,2002,28.0
Serbia,SRB,2003,27.8
Serbia,SRB,2004,27.5
Serbia,SRB,2005,27.0
Serbia,SRB,2006,26.2
Serbia,SRB,2007,25.6
Serbia,SRB,2008,24.9
Serbia,SRB,2009,24.7
Serbia,SRB,2010,24.5
Serbia,SRB,2011,23.1
Serbia,SRB,2012,22.6
Serbia,SRB,2013,22.1
Serbia,SRB,2014,22.0
Serbia,SRB,2015,22.0
Serbia,SRB,2016,21.6
Serbia,SRB,2017,21.9
Serbia,SRB,2018,21.4
Serbia,SRB,2019,21.4
Serbia,SRB,2020,21.5
Serbia,SRB,2021,20.7
South Sudan,SSD,2000,19.8
South Sudan,SSD,2001,18.9
South Sudan,SSD,2002,18.3
South Sudan,SSD,2003,18.3
South Sudan,SSD,2004,18.3
South Sudan,SSD,2005,18.0
South Sudan,SSD,2006,17.9
South Sudan,SSD,2007,17.7
South Sudan,SSD,2008,17.4
South Sudan,SSD,2009,17.6
South Sudan,SSD,2010,17.2
South Sudan,SSD,2011,17.1
South Sudan,SSD,2012,17.2
South Sudan,SSD,2013,17.4
South Sudan,SSD,2014,18.0
South Sudan,SSD,2015,19.0
South Sudan,SSD,2016,19.0
South Sudan,SSD,2017,19.6
South Sudan,SSD,2018,21.2
South Sudan,SSD,2019,22.0
South Sudan,SSD,2020,22.6
South Sudan,SSD,2021,22.4
Sao Tome and Principe,STP,2000,21.2
Sao Tome and Principe,STP,2001,21.4
Sao Tome and Principe,STP,2002,21.3
Sao Tome and Principe,STP,2003,20.8
Sao Tome and Principe,STP,2004,21.0
Sao Tome and Principe,STP,2005,20.6
Sao Tome and Principe,STP,2006,20.9
Sao Tome and Principe,STP,2007,21.3
Sao Tome and Principe,STP,2008,21.0
Sao Tome and Principe,STP,2009,20.5
Sao Tome and Principe,STP,2010,19.9
Sao Tome and Principe,STP,2011,19.5
Sao Tome and Principe,STP,2012,20.2
Sao Tome and Principe,STP,2013,19.8
Sao Tome and Principe,STP,2014,19.7
Sao Tome and Principe,STP,2015,19.8
Sao Tome and Principe,STP,2016,20.2
Sao Tome and Principe,STP,2017,20.5
Sao Tome and Principe,STP,2018,20.5
Sao Tome and Principe,STP,2019,20.6
Sao Tome and Principe,STP,2020,20.4
Sao Tome and Principe,STP,2021,19.5
Suriname,SUR,2000,24.0
Suriname,SUR,2001,24.3
Suriname,SUR,2002,24.7
Suriname,SUR,2003,24.5
Suriname,SUR,2004,23.7
Suriname,SUR,2005,22.8
Suriname,SUR,2006,21.6
Suriname,SUR,2007,20.7
Suriname,SUR,2008,20.7
Suriname,SUR,2009,20.4
Suriname,SUR,2010,20.3
Suriname,SUR,2011,19.8
Suriname,SUR,2012,19.5
Suriname,SUR,2013,20.5
Suriname,SUR,2014,20.7
Suriname,SUR,2015,21.0
Suriname,SUR,2016,20.9
Suriname,SUR,2017,21.2
Suriname,SUR,2018,21.7
Suriname,SUR,2019,21.6
Suriname,SUR,2020,21.5
Suriname,SUR,2021,18.7
Slovakia,SVK,2000,25.4
Slovakia,SVK,2001,25.1
Slovakia,SVK,2002,24.2
Slovakia,SVK,2003,23.9
Slovakia,SVK,2004,23.2
Slovakia,SVK,2005,23.1
Slovakia,SVK,2006,22.4
Slovakia,SVK,2007,22.5
Slovakia,SVK,2008,21.5
Slovakia,SVK,2009,21.1
Slovakia,SVK,2010,20.6
Slovakia,SVK,2011,19.7
Slovakia,SVK,2012,18.9
Slovakia,SVK,2013,18.9
Slovakia,SVK,2014,18.2
Slovakia,SVK,2015,18.5
Slovakia,SVK,2016,17.8
Slovakia,SVK,2017,17.7
Slovakia,SVK,2018,17.4
Slovakia,SVK,2019,16.7
Slovakia,SVK,2020,16.9
Slovakia,SVK,2021,16.6
Slovenia,SVN,2000,18.5
Slovenia,SVN,2001,18.4
Slovenia,SVN,2002,17.5
Slovenia,SVN,2003,17.7
Slovenia,SVN,2004,16.7
Slovenia,SVN,2005,16.1
Slovenia,SVN,2006,15.6
Slovenia,SVN,2007,15.1
Slovenia,SVN,2008,14.2
Slovenia,SVN,2009,14.2
Slovenia,SVN,2010,13.5
Slovenia,SVN,2011,13.3
Slovenia,SVN,2012,13.1
Slovenia,SVN,2013,13.0
Slovenia,SVN,2014,12.4
Slovenia,SVN,2015,12.8
Slovenia,SVN,2016,12.1
Slovenia,SVN,2017,12.2
Slovenia,SVN,2018,12.0
Slovenia,SVN,2019,11.4
Slovenia,SVN,2020,11.0
Slovenia,SVN,2021,11.6
Sweden,SWE,2000,13.2
Sweden,SWE,2001,12.9
Sweden,SWE,2002,12.7
Sweden,SWE,2003,12.3
Sweden,SWE,2004,12.0
Sweden,SWE,2005,11.8
Sweden,SWE,2006,11.4
Sweden,SWE,2007,11.2
Sweden,SWE,2008,11.0
Sweden,SWE,2009,10.6
Sweden,SWE,2010,10.4
Sweden,SWE,2011,10.1
Sweden,SWE,2012,9.8
Sweden,SWE,2013,9.8
Sweden,SWE,2014,9.5
Sweden,SWE,2015,9.2
Sweden,SWE,2016,9.1
Sweden,SWE,2017,8.9
Sweden,SWE,2018,8.7
Sweden,SWE,2019,8.2
Sweden,SWE,2020,8.0
Sweden,SWE,2021,7.9
Eswatini,SWZ,2000,30.2
Eswatini,SWZ,2001,32.4
Eswatini,SWZ,2002,34.2
Eswatini,SWZ,2003,35.6
Eswatini,SWZ,2004,36.7
Eswatini,SWZ,2005,37.7
Eswatini,SWZ,2006,37.4
Eswatini,SWZ,2007,37.2
Eswatini,SWZ,2008,36.7
Eswatini,SWZ,2009,36.0
Eswatini,SWZ,2010,39.2
Eswatini,SWZ,2011,33.5
Eswatini,SWZ,2012,33.5
Eswatini,SWZ,2013,33.3
Eswatini,SWZ,2014,33.6
Eswatini,SWZ,2015,34.5
Eswatini,SWZ,2016,35.2
Eswatini,SWZ,2017,35.6
Eswatini,SWZ,2018,35.7
Eswatini,SWZ,2019,35.1
Eswatini,SWZ,2020,35.1
Eswatini,SWZ,2021,32.3
Seychelles,SYC,2000,24.4
Seychelles,SYC,2001,24.2
Seychelles,SYC,2002,24.3
Seychelles,SYC,2003,24.8
Seychelles,SYC,2004,24.7
Seychelles,SYC,2005,24.2
Seychelles,SYC,2006,24.1
Seychelles,SYC,2007,23.6
Seychelles,SYC,2008,23.4
Seychelles,SYC,2009,22.4
Seychelles,SYC,2010,21.5
Seychelles,SYC,2011,21.1
Seychelles,SYC,2012,21.3
Seychelles,SYC,2013,20.9
Seychelles,SYC,2014,21.0
Seychelles,SYC,2015,21.6
Seychelles,SYC,2016,21.9
Seychelles,SYC,2017,21.6
Seychelles,SYC,2018,21.7
Seychelles,SYC,2019,21.8
Seychelles,SYC,2020,16.8
Seychelles,SYC,2021,15.6
Syria,SYR,2000,27.9
Syria,SYR,2001,26.2
Syria,SYR,2002,25.9
Syria,SYR,2003,24.8
Syria,SYR,2004,24.5
Syria,SYR,2005,23.7
Syria,SYR,2006,23.1
Syria,SYR,2007,22.7
Syria,SYR,2008,23.1
Syria,SYR,2009,22.6
Syria,SYR,2010,22.2
Syria,SYR,2011,22.0
Syria,SYR,2012,22.2
Syria,SYR,2013,22.3
Syria,SYR,2014,22.4
Syria,SYR,2015,22.5
Syria,SYR,2016,22.3
Syria,SYR,2017,22.4
Syria,SYR,2018,22.4
Syria,SYR,2019,22.0
Syria,SYR,2020,22.3
Syria,SYR,2021,21.3
Chad,TCD,2000,25.6
Chad,TCD,2001,25.7
Chad,TCD,2002,25.8
Chad,TCD,2003,25.8
Chad,TCD,2004,25.5
Chad,TCD,2005,25.4
Chad,TCD,2006,25.2
Chad,TCD,2007,25.3
Chad,TCD,2008,25.5
Chad,TCD,2009,25.5
Chad,TCD,2010,25.5
Chad,TCD,2011,25.3
Chad,TCD,2012,25.1
Chad,TCD,2013,24.8
Chad,TCD,2014,24.6
Chad,TCD,2015,24.4
Chad,TCD,2016,24.1
Chad,TCD,2017,24.0
Chad,TCD,2018,24.1
Chad,TCD,2019,24.0
Chad,TCD,2020,24.5
Chad,TCD,2021,23.4
Togo,TGO,2000,28.2
Togo,TGO,2001,28.3
Togo,TGO,2002,28.3
Togo,TGO,2003,28.5
Togo,TGO,2004,28.2
Togo,TGO,2005,28.2
Togo,TGO,2006,28.2
Togo,TGO,2007,28.1
Togo,TGO,2008,28.6
Togo,TGO,2009,28.5
Togo,TGO,2010,28.1
Togo,TGO,2011,27.9
Togo,TGO,2012,27.7
Togo,TGO,2013,27.5
Togo,TGO,2014,27.2
Togo,TGO,2015,27.1
Togo,TGO,2016,27.0
Togo,TGO,2017,26.7
Togo,TGO,2018,26.5
Togo,TGO,2019,26.1
Togo,TGO,2020,26.4
Togo,TGO,2021,25.4
Thailand,THA,2000,18.3
Thailand,THA,2001,17.7
Thailand,THA,2002,18.1
Thailand,THA,2003,17.9
Thailand,THA,2004,17.9
Thailand,THA,2005,17.4
Thailand,THA,2006,17.0
Thailand,THA,2007,16.3
Thailand,THA,2008,15.8
Thailand,THA,2009,15.2
Thailand,THA,2010,15.1
Thailand,THA,2011,14.7
Thailand,THA,2012,14.2
Thailand,THA,2013,13.9
Thailand,THA,2014,13.9
Thailand,THA,2015,13.9
Thailand,THA,2016,14.1
Thailand,THA,2017,13.9
Thailand,THA,2018,14.0
Thailand,THA,2019,14.3
Thailand,THA,2020,14.2
Thailand,THA,2021,14.5
Tajikistan,TJK,2000,29.0
Tajikistan,TJK,2001,28.6
Tajikistan,TJK,2002,28.5
Tajikistan,TJK,2003,28.3
Tajikistan,TJK,2004,28.2
Tajikistan,TJK,2005,28.6
Tajikistan,TJK,2006,28.3
Tajikistan,TJK,2007,28.2
Tajikistan,TJK,2008,27.6
Tajikistan,TJK,2009,27.3
Tajikistan,TJK,2010,26.1
Tajikistan,TJK,2011,25.2
Tajikistan,TJK,2012,23.9
Tajikistan,TJK,2013,22.3
Tajikistan,TJK,2014,22.0
Tajikistan,TJK,2015,21.4
Tajikistan,TJK,2016,21.0
Tajikistan,TJK,2017,20.2
Tajikistan,TJK,2018,19.8
Tajikistan,TJK,2019,19.4
Tajikistan,TJK,2020,18.6
Tajikistan,TJK,2021,18.1
Turkmenistan,TKM,2000,32.7
Turkmenistan,TKM,2001,32.2
Turkmenistan,TKM,2002,33.3
Turkmenistan,TKM,2003,34.1
Turkmenistan,TKM,2004,35.3
Turkmenistan,TKM,2005,36.4
Turkmenistan,TKM,2006,35.8
Turkmenistan,TKM,2007,34.8
Turkmenistan,TKM,2008,32.9
Turkmenistan,TKM,2009,29.3
Turkmenistan,TKM,2010,27.4
Turkmenistan,TKM,2011,27.1
Turkmenistan,TKM,2012,26.8
Turkmenistan,TKM,2013,27.1
Turkmenistan,TKM,2014,28.0
Turkmenistan,TKM,2015,27.9
Turkmenistan,TKM,2016,27.3
Turkmenistan,TKM,2017,27.1
Turkmenistan,TKM,2018,26.7
Turkmenistan,TKM,2019,26.4
Turkmenistan,TKM,2020,26.5
Turkmenistan,TKM,2021,25.7
East Timor,TLS,2000,20.7
East Timor,TLS,2001,20.5
East Timor,TLS,2002,19.1
East Timor,TLS,2003,20.0
East Timor,TLS,2004,20.5
East Timor,TLS,2005,20.1
East Timor,TLS,2006,19.6
East Timor,TLS,2007,19.3
East Timor,TLS,2008,19.4
East Timor,TLS,2009,22.3
East Timor,TLS,2010,21.3
East Timor,TLS,2011,21.5
East Timor,TLS,2012,20.9
East Timor,TLS,2013,21.2
East Timor,TLS,2014,21.6
East Timor,TLS,2015,20.2
East Timor,TLS,2016,20.5
East Timor,TLS,2017,20.0
East Timor,TLS,2018,20.4
East Timor,TLS,2019,20.9
East Timor,TLS,2020,19.2
East Timor,TLS,2021,20.1
Tonga,TON,2000,29.0
Tonga,TON,2001,28.4
Tonga,TON,2002,28.4
Tonga,TON,2003,28.7
Tonga,TON,2004,28.3
Tonga,TON,2005,27.2
Tonga,TON,2006,27.1
Tonga,TON,2007,27.1
Tonga,TON,2008,27.0
Tonga,TON,2009,27.2
Tonga,TON,2010,27.4
Tonga,TON,2011,27.2
Tonga,TON,2012,27.1
Tonga,TON,2013,27.0
Tonga,TON,2014,26.9
Tonga,TON,2015,26.8
Tonga,TON,2016,26.4
Tonga,TON,2017,26.4
Tonga,TON,2018,26.2
Tonga,TON,2019,26.0
Tonga,TON,2020,25.7
Tonga,TON,2021,26.9
Trinidad and Tobago,TTO,2000,27.8
Trinidad and Tobago,TTO,2001,26.9
Trinidad and Tobago,TTO,2002,25.4
Trinidad and Tobago,TTO,2003,25.4
Trinidad and Tobago,TTO,2004,24.8
Trinidad and Tobago,TTO,2005,24.0
Trinidad and Tobago,TTO,2006,22.6
Trinidad and Tobago,TTO,2007,22.1
Trinidad and Tobago,TTO,2008,22.5
Trinidad and Tobago,TTO,2009,21.3
Trinidad and Tobago,TTO,2010,20.9
Trinidad and Tobago,TTO,2011,20.4
Trinidad and Tobago,TTO,2012,19.4
Trinidad and Tobago,TTO,2013,20.2
Trinidad and Tobago,TTO,2014,20.5
Trinidad and Tobago,TTO,2015,20.5
Trinidad and Tobago,TTO,2016,21.2
Trinidad and Tobago,TTO,2017,20.7
Trinidad and Tobago,TTO,2018,20.4
Trinidad and Tobago,TTO,2019,20.4
Trinidad and Tobago,TTO,2020,20.7
Trinidad and Tobago,TTO,2021,20.3
Tunisia,TUN,2000,18.6
Tunisia,TUN,2001,18.4
Tunisia,TUN,2002,18.2
Tunisia,TUN,2003,17.8
Tunisia,TUN,2004,17.6
Tunisia,TUN,2005,17.3
Tunisia,TUN,2006,17.1
Tunisia,TUN,2007,16.8
Tunisia,TUN,2008,16.6
Tunisia,TUN,2009,16.5
Tunisia,TUN,2010,16.4
Tunisia,TUN,2011,16.0
Tunisia,TUN,2012,15.7
Tunisia,TUN,2013,15.7
Tunisia,TUN,2014,15.5
Tunisia,TUN,2015,15.5
Tunisia,TUN,2016,15.4
Tunisia,TUN,2017,15.4
Tunisia,TUN,2018,15.3
Tunisia,TUN,2019,15.2
Tunisia,TUN,2020,15.1
Tunisia,TUN,2021,13.0
Turkey,TUR,2000,22.5
Turkey,TUR,2001,21.5
Turkey,TUR,2002,20.5
Turkey,TUR,2003,19.9
Turkey,TUR,2004,19.3
Turkey,TUR,2005,18.9
Turkey,TUR,2006,18.6
Turkey,TUR,2007,18.2
Turkey,TUR,2008,18.0
Turkey,TUR,2009,18.6
Turkey,TUR,2010,18.6
Turkey,TUR,2011,18.5
Turkey,TUR,2012,18.2
Turkey,TUR,2013,18.0
Turkey,TUR,2014,17.9
Turkey,TUR,2015,17.7
Turkey,TUR,2016,17.4
Turkey,TUR,2017,17.0
Turkey,TUR,2018,16.7
Turkey,TUR,2019,16.6
Turkey,TUR,2020,15.2
Turkey,TUR,2021,15.4
Tanzania,TZA,2000,19.6
Tanzania,TZA,2001,19.2
Tanzania,TZA,2002,18.9
Tanzania,TZA,2003,18.8
Tanzania,TZA,2004,18.6
Tanzania,TZA,2005,18.4
Tanzania,TZA,2006,18.1
Tanzania,TZA,2007,18.0
Tanzania,TZA,2008,17.8
Tanzania,TZA,2009,17.8
Tanzania,TZA,2010,17.5
Tanzania,TZA,2011,17.3
Tanzania,TZA,2012,17.1
Tanzania,TZA,2013,17.3
Tanzania,TZA,2014,17.2
Tanzania,TZA,2015,17.4
Tanzania,TZA,2016,17.6
Tanzania,TZA,2017,17.7
Tanzania,TZA,2018,18.1
Tanzania,TZA,2019,18.4
Tanzania,TZA,2020,17.9
Tanzania,TZA,2021,18.8
Uganda,UGA,2000,29.2
Uganda,UGA,2001,29.8
Uganda,UGA,2002,29.5
Uganda,UGA,2003,28.9
Uganda,UGA,2004,28.4
Uganda,UGA,2005,27.4
Uganda,UGA,2006,26.2
Uganda,UGA,2007,25.1
Uganda,UGA,2008,24.3
Uganda,UGA,2009,23.6
Uganda,UGA,2010,23.3
Uganda,UGA,2011,23.1
Uganda,UGA,2012,22.6
Uganda,UGA,2013,22.5
Uganda,UGA,2014,22.0
Uganda,UGA,2015,21.7
Uganda,UGA,2016,21.5
Uganda,UGA,2017,21.1
Uganda,UGA,2018,21.4
Uganda,UGA,2019,21.8
Uganda,UGA,2020,21.7
Uganda,UGA,2021,21.5
Ukraine,UKR,2000,34.0
Ukraine,UKR,2001,33.1
Ukraine,UKR,2002,33.3
Ukraine,UKR,2003,33.3
Ukraine,UKR,2004,33.7
Ukraine,UKR,2005,34.4
Ukraine,UKR,2006,32.9
Ukraine,UKR,2007,33.0
Ukraine,UKR,2008,32.5
Ukraine,UKR,2009,30.0
Ukraine,UKR,2010,29.0
Ukraine,UKR,2011,27.7
Ukraine,UKR,2012,27.6
Ukraine,UKR,2013,26.7
Ukraine,UKR,2014,27.3
Ukraine,UKR,2015,25.7
Ukraine,UKR,2016,25.4
Ukraine,UKR,2017,24.8
Ukraine,UKR,2018,25.8
Ukraine,UKR,2019,25.3
Ukraine,UKR,2020,25.1
Ukraine,UKR,2021,24.8
Uruguay,URY,2000,20.6
Uruguay,URY,2001,20.2
Uruguay,URY,2002,19.9
Uruguay,URY,2003,20.1
Uruguay,URY,2004,19.6
Uruguay,URY,2005,19.0
Uruguay,URY,2006,18.7
Uruguay,URY,2007,19.0
Uruguay,URY,2008,18.1
Uruguay,URY,2009,17.8
Uruguay,URY,2010,17.7
Uruguay,URY,2011,17.7
Uruguay,URY,2012,17.5
Uruguay,URY,2013,17.1
Uruguay,URY,2014,17.1
Uruguay,URY,2015,17.3
Uruguay,URY,2016,17.6
Uruguay,URY,2017,16.3
Uruguay,URY,2018,16.6
Uruguay,URY,2019,16.6
Uruguay,URY,2020,16.2
Uruguay,URY,2021,17.4
United States,USA,2000,17.8
United States,USA,2001,17.4
United States,USA,2002,17.2
United States,USA,2003,16.9
United States,USA,2004,16.3
United States,USA,2005,16.0
United States,USA,2006,15.6
United States,USA,2007,15.2
United States,USA,2008,15.1
United States,USA,2009,14.8
United States,USA,2010,14.5
United States,USA,2011,14.3
United States,USA,2012,14.2
United States,USA,2013,14.0
United States,USA,2014,13.9
United States,USA,2015,14.0
United States,USA,2016,13.9
United States,USA,2017,13.7
United States,USA,2018,13.5
United States,USA,2019,13.2
United States,USA,2020,13.6
United States,USA,2021,13.7
Uzbekistan,UZB,2000,45.3
Uzbekistan,UZB,2001,44.2
Uzbekistan,UZB,2002,45.3
Uzbekistan,UZB,2003,44.5
Uzbekistan,UZB,2004,43.5
Uzbekistan,UZB,2005,45.2
Uzbekistan,UZB,2006,43.1
Uzbekistan,UZB,2007,42.0
Uzbekistan,UZB,2008,40.6
Uzbekistan,UZB,2009,38.6
Uzbekistan,UZB,2010,37.8
Uzbekistan,UZB,2011,36.6
Uzbekistan,UZB,2012,35.8
Uzbekistan,UZB,2013,34.3
Uzbekistan,UZB,2014,33.7
Uzbekistan,UZB,2015,32.0
Uzbekistan,UZB,2016,31.4
Uzbekistan,UZB,2017,30.4
Uzbekistan,UZB,2018,28.4
Uzbekistan,UZB,2019,26.8
Uzbekistan,UZB,2020,27.2
Uzbekistan,UZB,2021,24.6
Saint Vincent and the Grenadines,VCT,2000,23.3
Saint Vincent and the Grenadines,VCT,2001,22.5
Saint Vincent and the Grenadines,VCT,2002,23.0
Saint Vincent and the Grenadines,VCT,2003,21.6
Saint Vincent and the Grenadines,VCT,2004,21.6
Saint Vincent and the Grenadines,VCT,2005,20.4
Saint Vincent and the Grenadines,VCT,2006,19.7
Saint Vincent and the Grenadines,VCT,2007,18.2
Saint Vincent and the Grenadines,VCT,2008,17.9
Saint Vincent and the Grenadines,VCT,2009,17.5
Saint Vincent and the Grenadines,VCT,2010,19.0
Saint Vincent and the Grenadines,VCT,2011,20.1
Saint Vincent and the Grenadines,VCT,2012,21.3
Saint Vincent and the Grenadines,VCT,2013,22.1
Saint Vincent and the Grenadines,VCT,2014,22.4
Saint Vincent and the Grenadines,VCT,2015,22.0
Saint Vincent and the Grenadines,VCT,2016,21.9
Saint Vincent and the Grenadines,VCT,2017,22.2
Saint Vincent and the Grenadines,VCT,2018,22.3
Saint Vincent and the Grenadines,VCT,2019,22.7
Saint Vincent and the Grenadines,VCT,2020,24.4
Saint Vincent and the Grenadines,VCT,2021,23.6
Venezuela,VEN,2000,16.8
Venezuela,VEN,2001,16.8
Venezuela,VEN,2002,16.2
Venezuela,VEN,2003,16.6
Venezuela,VEN,2004,15.9
Venezuela,VEN,2005,15.9
Venezuela,VEN,2006,15.6
Venezuela,VEN,2007,15.7
Venezuela,VEN,2008,15.8
Venezuela,VEN,2009,15.7
Venezuela,VEN,2010,15.8
Venezuela,VEN,2011,16.2
Venezuela,VEN,2012,16.0
Venezuela,VEN,2013,15.7
Venezuela,VEN,2014,16.2
Venezuela,VEN,2015,16.7
Venezuela,VEN,2016,18.2
Venezuela,VEN,2017,17.5
Venezuela,VEN,2018,17.6
Venezuela,VEN,2019,17.9
Venezuela,VEN,2020,18.4
Venezuela,VEN,2021,18.7
Vietnam,VNM,2000,20.1
Vietnam,VNM,2001,20.3
Vietnam,VNM,2002,20.3
Vietnam,VNM,2003,20.4
Vietnam,VNM,2004,20.7
Vietnam,VNM,2005,20.8
Vietnam,VNM,2006,20.9
Vietnam,VNM,2007,21.2
Vietnam,VNM,2008,21.4
Vietnam,VNM,2009,21.5
Vietnam,VNM,2010,21.7
Vietnam,VNM,2011,21.6
Vietnam,VNM,2012,21.5
Vietnam,VNM,2013,21.5
Vietnam,VNM,2014,21.5
Vietnam,VNM,2015,21.6
Vietnam,VNM,2016,21.4
Vietnam,VNM,2017,21.1
Vietnam,VNM,2018,20.9
Vietnam,VNM,2019,20.8
Vietnam,VNM,2020,19.3
Vietnam,VNM,2021,20.1
Vanuatu,VUT,2000,40.4
Vanuatu,VUT,2001,40.5
Vanuatu,VUT,2002,40.1
Vanuatu,VUT,2003,39.8
Vanuatu,VUT,2004,39.7
Vanuatu,VUT,2005,39.3
Vanuatu,VUT,2006,39.6
Vanuatu,VUT,2007,39.1
Vanuatu,VUT,2008,38.6
Vanuatu,VUT,2009,38.7
Vanuatu,VUT,2010,38.0
Vanuatu,VUT,2011,38.1
Vanuatu,VUT,2012,38.4
Vanuatu,VUT,2013,38.0
Vanuatu,VUT,2014,37.5
Vanuatu,VUT,2015,37.6
Vanuatu,VUT,2016,37.3
Vanuatu,VUT,2017,37.2
Vanuatu,VUT,2018,37.1
Vanuatu,VUT,2019,37.1
Vanuatu,VUT,2020,37.8
Vanuatu,VUT,2021,36.8
Samoa,WSM,2000,32.2
Samoa,WSM,2001,32.1
Samoa,WSM,2002,31.8
Samoa,WSM,2003,31.6
Samoa,WSM,2004,31.3
Samoa,WSM,2005,31.2
Samoa,WSM,2006,30.9
Samoa,WSM,2007,30.9
Samoa,WSM,2008,30.9
Samoa,WSM,2009,30.4
Samoa,WSM,2010,31.0
Samoa,WSM,2011,31.0
Samoa,WSM,2012,31.3
Samoa,WSM,2013,31.4
Samoa,WSM,2014,31.9
Samoa,WSM,2015,32.2
Samoa,WSM,2016,32.4
Samoa,WSM,2017,32.3
Samoa,WSM,2018,32.2
Samoa,WSM,2019,32.0
Samoa,WSM,2020,32.6
Samoa,WSM,2021,32.3
Yemen,YEM,2000,31.0
Yemen,YEM,2001,30.6
Yemen,YEM,2002,30.1
Yemen,YEM,2003,29.7
Yemen,YEM,2004,29.5
Yemen,YEM,2005,29.0
Yemen,YEM,2006,28.5
Yemen,YEM,2007,28.2
Yemen,YEM,2008,28.0
Yemen,YEM,2009,27.7
Yemen,YEM,2010,27.1
Yemen,YEM,2011,26.8
Yemen,YEM,2012,26.6
Yemen,YEM,2013,26.4
Yemen,YEM,2014,26.1
Yemen,YEM,2015,26.0
Yemen,YEM,2016,26.1
Yemen,YEM,2017,26.0
Yemen,YEM,2018,26.0
Yemen,YEM,2019,26.3
Yemen,YEM,2020,27.2
Yemen,YEM,2021,25.8
South Africa,ZAF,2000,21.6
South Africa,ZAF,2001,21.2
South Africa,ZAF,2002,22.5
South Africa,ZAF,2003,23.3
South Africa,ZAF,2004,23.4
South Africa,ZAF,2005,23.3
South Africa,ZAF,2006,24.9
South Africa,ZAF,2007,24.9
South Africa,ZAF,2008,25.3
South Africa,ZAF,2009,24.9
South Africa,ZAF,2010,26.2
South Africa,ZAF,2011,24.9
South Africa,ZAF,2012,24.7
South Africa,ZAF,2013,24.2
South Africa,ZAF,2014,24.5
South Africa,ZAF,2015,24.6
South Africa,ZAF,2016,24.1
South Africa,ZAF,2017,23.0
South Africa,ZAF,2018,22.6
South Africa,ZAF,2019,21.6
South Africa,ZAF,2020,23.1
South Africa,ZAF,2021,22.7
Zambia,ZMB,2000,25.8
Zambia,ZMB,2001,25.2
Zambia,ZMB,2002,25.3
Zambia,ZMB,2003,25.2
Zambia,ZMB,2004,24.4
Zambia,ZMB,2005,23.6
Zambia,ZMB,2006,23.2
Zambia,ZMB,2007,23.0
Zambia,ZMB,2008,22.9
Zambia,ZMB,2009,22.9
Zambia,ZMB,2010,23.1
Zambia,ZMB,2011,23.4
Zambia,ZMB,2012,23.2
Zambia,ZMB,2013,22.6
Zambia,ZMB,2014,22.8
Zambia,ZMB,2015,22.7
Zambia,ZMB,2016,23.1
Zambia,ZMB,2017,22.9
Zambia,ZMB,2018,22.7
Zambia,ZMB,2019,23.2
Zambia,ZMB,2020,24.1
Zambia,ZMB,2021,23.6
Zimbabwe,ZWE,2000,23.5
Zimbabwe,ZWE,2001,24.3
Zimbabwe,ZWE,2002,25.5
Zimbabwe,ZWE,2003,26.9
Zimbabwe,ZWE,2004,28.6
Zimbabwe,ZWE,2005,28.7
Zimbabwe,ZWE,2006,28.4
Zimbabwe,ZWE,2007,28.5
Zimbabwe,ZWE,2008,30.0
Zimbabwe,ZWE,2009,30.7
Zimbabwe,ZWE,2010,33.8
Zimbabwe,ZWE,2011,33.6
Zimbabwe,ZWE,2012,33.0
Zimbabwe,ZWE,2013,33.2
Zimbabwe,ZWE,2014,33.2
Zimbabwe,ZWE,2015,33.5
Zimbabwe,ZWE,2016,33.7
Zimbabwe,ZWE,2017,33.4
Zimbabwe,ZWE,2018,33.6
Zimbabwe,ZWE,2019,32.7
Zimbabwe,ZWE,2020,33.0
Zimbabwe,ZWE,2021,31.2
